date,caap.cases.6.J,caap.cases.6.B,caap.cases.6,unadj.rsv.caap.cases.6.J,rsv.caap.cases.6.J,rsv.tested.6.J,unadj.rsv.caap.cases.6.B,rsv.caap.cases.6.B,rsv.tested.6.B,unadj.rsv.caap.cases.6,rsv.caap.cases.6,rsv.tested.6,caap.cases.6.11.J,caap.cases.6.11.B,caap.cases.6.11,unadj.rsv.caap.cases.6.11.J,rsv.caap.cases.6.11.J,rsv.tested.6.11.J,unadj.rsv.caap.cases.6.11.B,rsv.caap.cases.6.11.B,rsv.tested.6.11.B,unadj.rsv.caap.cases.6.11,rsv.caap.cases.6.11,rsv.tested.6.11,caap.cases.12.J,caap.cases.12.B,caap.cases.12,unadj.rsv.caap.cases.12.J,rsv.caap.cases.12.J,rsv.tested.12.J,unadj.rsv.caap.cases.12.B,rsv.caap.cases.12.B,rsv.tested.12.B,unadj.rsv.caap.cases.12,rsv.caap.cases.12,rsv.tested.12,caap.cases.12.23.J,caap.cases.12.23.B,caap.cases.12.23,unadj.rsv.caap.cases.12.23.J,rsv.caap.cases.12.23.J,rsv.tested.12.23.J,unadj.rsv.caap.cases.12.23.B,rsv.caap.cases.12.23.B,rsv.tested.12.23.B,unadj.rsv.caap.cases.12.23,rsv.caap.cases.12.23,rsv.tested.12.23,caap.cases.24.59.J,caap.cases.24.59.B,caap.cases.24.59,unadj.rsv.caap.cases.24.59.J,rsv.caap.cases.24.59.J,rsv.tested.24.59.J,unadj.rsv.caap.cases.24.59.B,rsv.caap.cases.24.59.B,rsv.tested.24.59.B,unadj.rsv.caap.cases.24.59,rsv.caap.cases.24.59,rsv.tested.24.59,caap.cases.60.J,caap.cases.60.B,caap.cases.60,unadj.rsv.caap.cases.60.J,rsv.caap.cases.60.J,rsv.tested.60.J,unadj.rsv.caap.cases.60.B,rsv.caap.cases.60.B,rsv.tested.60.B,unadj.rsv.caap.cases.60,rsv.caap.cases.60,rsv.tested.60,pop.12.J,pop.12.B,pop.12,pop.12.23.J,pop.12.23.B,pop.12.23,pop.24.59.J,pop.24.59.B,pop.24.59,pop.60.J,pop.60.B,pop.60
2004-07-01,1,3,4,0,0,0,0,0,0,0,0,0,3,3,6,0,0,2,0,0,2,0,0,4,4,6,10,0,0,2,0,0,2,0,1,4,4,3,7,0,0,0,0,0,0,0,0,0,4,5,9,0,0,0,0,0,2,0,0,2,12,14,26,0,0,2,0,0,4,0,0,6,7390,7014,14404,7563,7242,14805,21402,20623,42025,36355,34879,71233
2004-08-01,0,0,0,0,0,0,0,0,0,0,0,0,1,3,4,0,0,0,0,0,2,0,0,2,1,3,4,0,0,0,0,0,2,0,0,2,1,2,3,0,0,0,0,0,0,0,0,0,1,1,2,0,0,0,0,0,1,0,0,1,3,6,9,0,0,0,0,0,3,0,0,3,7390,6999,14389,7549,7223,14771,21447,20671,42118,36386,34893,71278
2004-09-01,1,0,1,0,0,0,0,0,0,0,0,0,0,3,3,0,0,0,0,0,1,0,0,1,1,3,4,0,0,0,0,0,1,0,0,1,1,2,3,0,0,1,0,0,0,0,0,1,2,4,6,0,0,0,0,0,0,0,0,0,4,9,13,0,0,1,0,0,1,0,0,2,7390,6984,14374,7534,7204,14738,21493,20719,42212,36417,34907,71324
2004-10-01,0,3,3,0,0,0,0,0,0,0,0,0,0,1,1,0,0,0,0,0,0,0,0,0,0,4,4,0,0,0,0,0,0,0,0,0,2,2,4,0,0,0,0,0,0,0,0,0,2,2,4,0,0,0,0,0,0,0,0,0,4,8,12,0,0,0,0,0,0,0,0,0,7390,6969,14359,7520,7185,14704,21539,20767,42306,36449,34921,71369
2004-11-01,2,4,6,0,0,0,0,0,3,0,0,3,2,7,9,0,0,1,0,1,2,0,1,3,4,11,15,0,0,1,0,1,5,0,1,6,4,8,12,0,1,2,0,0,2,0,1,4,8,8,16,0,0,3,0,2,2,0,2,5,16,27,43,0,1,6,0,3,9,0,3,15,7390,6954,14344,7505,7166,14671,21584,20815,42400,36479,34935,71414
2004-12-01,1,18,19,0,1,0,2,9,5,2,10,5,3,7,10,0,0,2,1,2,4,1,2,6,4,25,29,0,1,2,3,11,9,3,11,11,7,10,17,1,4,1,0,2,2,1,6,3,4,7,11,0,1,2,1,2,2,1,3,4,15,42,57,1,6,5,4,15,13,5,20,18,7389,6939,14328,7491,7147,14638,21630,20863,42493,36510,34949,71459
2005-01-01,2,32,34,1,1,2,15,20,23,16,21,25,4,19,23,1,2,2,2,4,10,3,6,12,6,51,57,2,3,4,17,24,33,19,27,37,8,12,20,4,5,6,2,6,5,6,11,11,5,13,18,2,3,3,1,5,4,3,8,7,19,76,95,8,11,13,20,35,42,28,46,55,7389,6924,14313,7477,7128,14604,21676,20911,42587,36542,34963,71505
2005-02-01,7,36,43,2,3,4,8,19,16,10,22,20,7,14,21,2,4,4,2,4,6,4,8,10,14,50,64,4,7,8,10,23,22,14,30,30,4,11,15,0,1,1,5,7,7,5,8,8,5,17,22,1,3,1,2,7,3,3,11,4,23,78,101,5,11,10,17,37,32,22,49,42,7389,6909,14298,7462,7109,14571,21721,20959,42681,36572,34977,71550
2005-03-01,3,15,18,0,1,1,2,5,6,2,6,7,2,6,8,1,1,2,0,2,0,1,3,2,5,21,26,1,2,3,2,7,6,3,9,9,5,8,13,0,0,3,1,3,3,1,3,6,5,11,16,0,2,1,0,3,1,0,5,2,15,40,55,1,4,7,3,13,10,4,17,17,7389,6894,14283,7448,7090,14538,21767,21007,42775,36604,34991,71595
2005-04-01,0,6,6,0,0,0,0,0,4,0,0,4,3,2,5,0,1,1,0,0,2,0,1,3,3,8,11,0,1,1,0,0,6,0,1,7,2,10,12,0,0,0,0,1,5,0,1,5,0,7,7,0,0,0,0,0,2,0,0,2,5,25,30,0,1,1,0,1,13,0,1,14,7389,6879,14268,7433,7071,14504,21813,21055,42868,36635,35005,71640
2005-05-01,0,7,7,0,0,0,0,0,3,0,0,3,2,4,6,0,0,1,0,0,3,0,0,4,2,11,13,0,0,1,0,0,6,0,0,7,2,5,7,0,0,0,0,0,2,0,0,2,2,8,10,0,0,1,0,0,2,0,0,3,6,24,30,0,0,2,0,0,10,0,0,12,7389,6864,14253,7419,7052,14471,21859,21103,42962,36667,35019,71686
2005-06-01,1,4,5,1,1,1,0,0,1,1,1,2,0,7,7,0,0,0,0,0,0,0,0,0,1,11,12,1,1,1,0,0,1,1,1,2,0,2,2,0,0,0,0,0,0,0,0,0,4,12,16,0,0,1,0,0,2,0,0,3,5,25,30,1,1,2,0,0,3,1,1,5,7389,6849,14238,7404,7033,14437,21904,21151,43056,36697,35033,71731
2005-07-01,1,2,3,0,1,0,0,0,2,0,1,2,1,0,1,0,0,0,0,0,0,0,0,0,2,2,4,0,1,0,0,0,2,0,1,2,1,2,3,0,0,0,0,0,0,0,0,0,2,3,5,0,0,0,0,0,1,0,0,1,5,7,12,0,1,0,0,0,3,0,1,3,7389,6834,14223,7390,7014,14404,21950,21200,43150,36729,35048,71776
2005-08-01,0,3,3,0,0,0,0,0,2,0,0,2,0,2,2,0,0,0,0,0,0,0,0,0,0,5,5,0,0,0,0,0,2,0,0,2,1,5,6,0,0,0,0,0,2,0,0,2,1,5,6,0,0,0,0,0,2,0,0,2,2,15,17,0,0,0,0,0,6,0,0,6,7404,6842,14246,7390,6999,14389,21980,21215,43195,36774,35056,71829
2005-09-01,1,1,2,0,0,0,0,0,1,0,0,1,1,1,2,0,0,1,0,0,0,0,0,1,2,2,4,0,0,1,0,0,1,0,0,2,4,4,8,0,0,3,0,0,2,0,0,5,5,11,16,0,0,0,0,0,3,0,0,3,11,17,28,0,0,4,0,0,6,0,0,10,7420,6849,14269,7390,6984,14374,22009,21231,43240,36819,35064,71883
2005-10-01,0,4,4,0,0,0,0,0,3,0,0,3,1,5,6,0,0,0,0,0,0,0,0,0,1,9,10,0,0,0,0,0,3,0,0,3,4,4,8,0,0,0,0,0,0,0,0,0,1,6,7,0,1,0,0,0,0,0,1,0,6,19,25,0,1,0,0,0,3,0,1,3,7435,6857,14292,7390,6969,14359,22039,21247,43286,36864,35073,71936
2005-11-01,0,1,1,0,0,0,0,0,0,0,0,0,3,5,8,0,1,1,0,0,2,0,1,3,3,6,9,0,1,1,0,0,2,0,1,3,3,7,10,0,1,1,0,0,4,0,1,5,5,7,12,1,3,2,0,0,1,1,3,3,11,20,31,1,4,4,0,0,7,1,4,11,7451,6864,14315,7390,6954,14344,22068,21263,43331,36909,35081,71990
2005-12-01,0,1,1,0,0,0,0,0,1,0,0,1,6,4,10,2,3,4,0,1,1,2,4,5,6,5,11,2,3,4,0,1,2,2,4,6,7,6,13,2,5,3,0,0,3,2,5,6,2,18,20,0,1,0,0,2,2,0,3,2,15,29,44,4,9,7,0,3,7,4,12,14,7466,6872,14338,7389,6939,14328,22098,21279,43377,36953,35090,72043
2006-01-01,17,20,37,7,12,10,6,12,10,13,24,20,5,6,11,4,5,4,1,2,3,5,7,7,22,26,48,11,17,14,7,13,13,18,30,27,15,10,25,4,11,5,1,3,3,5,14,8,15,17,32,1,5,2,1,2,6,2,7,8,52,53,105,16,33,21,9,19,22,25,52,43,7482,6879,14361,7389,6924,14313,22127,21295,43422,36998,35098,72097
2006-02-01,8,33,41,3,6,4,10,18,18,13,24,22,2,21,23,1,1,2,3,7,9,4,8,11,10,54,64,4,7,6,13,25,27,17,31,33,7,20,27,1,4,2,4,8,9,5,12,11,9,20,29,0,3,1,0,1,2,0,4,3,26,94,120,5,13,9,17,34,38,22,47,47,7498,6887,14384,7389,6909,14298,22157,21311,43468,37044,35107,72150
2006-03-01,1,27,28,0,0,1,5,13,11,5,13,12,8,19,27,0,1,4,1,4,5,1,5,9,9,46,55,0,1,5,6,17,16,6,18,21,6,15,21,0,1,1,1,5,5,1,6,6,8,16,24,0,0,0,0,1,5,0,1,5,23,77,100,0,2,6,7,23,26,7,24,32,7513,6894,14408,7389,6894,14283,22186,21327,43513,37088,35115,72204
2006-04-01,1,7,8,0,0,0,1,3,3,1,3,3,4,8,12,0,0,2,0,1,3,0,1,5,5,15,20,0,0,2,1,3,6,1,3,8,4,10,14,0,0,2,1,3,3,1,3,5,5,9,14,0,0,2,1,2,3,1,2,5,14,34,48,0,0,6,3,7,12,3,7,18,7529,6902,14431,7389,6879,14268,22216,21343,43559,37134,35124,72257
2006-05-01,0,5,5,0,0,0,0,0,2,0,0,2,1,7,8,0,0,1,0,0,2,0,0,3,1,12,14,0,0,1,0,0,4,0,0,5,2,4,6,0,0,0,0,1,1,0,1,1,5,14,19,0,0,2,0,1,3,0,1,5,8,30,39,0,0,3,0,2,8,0,2,11,7544,6909,14454,7389,6864,14253,22245,21359,43604,37178,35132,72311
2006-06-01,1,2,3,0,0,1,0,0,2,0,0,3,1,1,2,0,0,0,0,0,0,0,0,0,2,3,5,0,0,1,0,0,2,0,0,3,3,6,9,0,0,1,0,0,0,0,0,1,4,8,12,0,0,2,0,0,6,0,0,8,9,17,26,0,0,4,0,0,8,0,0,12,7560,6917,14477,7389,6849,14238,22275,21375,43650,37224,35141,72364
2006-07-01,0,5,5,0,0,0,0,0,4,0,0,4,1,3,4,0,0,0,0,0,1,0,0,1,1,8,9,0,0,0,0,0,5,0,0,5,1,6,7,0,0,0,0,0,2,0,0,2,3,4,7,0,0,0,0,0,0,0,0,0,5,18,23,0,0,0,0,0,7,0,0,7,7576,6925,14500,7389,6834,14223,22305,21391,43695,37270,35150,72418
2006-08-01,0,5,5,0,0,0,0,0,2,0,0,2,0,4,4,0,0,0,0,0,3,0,0,3,0,9,9,0,0,0,0,0,5,0,0,5,2,6,8,0,0,1,0,0,2,0,0,3,0,7,7,0,0,0,0,0,2,0,0,2,2,22,24,0,0,1,0,0,9,0,0,10,7590,6941,14531,7404,6842,14246,22308,21365,43673,37302,35148,72450
2006-09-01,0,2,2,0,0,0,0,0,1,0,0,1,0,6,6,0,0,0,0,0,1,0,0,1,0,8,8,0,0,0,0,0,2,0,0,2,0,3,3,0,0,0,0,0,1,0,0,1,5,3,8,0,5,0,0,0,0,0,5,0,5,14,19,0,5,0,0,0,3,0,5,3,7604,6958,14562,7420,6849,14269,22311,21340,43651,37335,35147,72482
2006-10-01,1,4,5,0,0,1,0,0,2,0,0,3,2,2,4,0,0,2,0,0,0,0,0,2,3,6,9,0,0,3,0,0,2,0,0,5,7,9,16,0,2,1,0,0,6,0,2,7,3,5,8,1,3,1,0,1,2,1,4,3,13,20,33,1,5,5,0,1,10,1,6,15,7618,6974,14593,7435,6857,14292,22314,21315,43629,37367,35146,72514
2006-11-01,0,2,2,0,0,0,0,0,2,0,0,2,0,4,4,0,0,0,0,0,2,0,0,2,0,6,6,0,0,0,0,0,4,0,0,4,4,4,8,1,2,2,0,0,0,1,2,2,3,8,11,0,2,0,1,3,2,1,4,2,7,18,25,1,4,2,1,3,6,2,6,8,7633,6991,14624,7451,6864,14315,22317,21290,43607,37401,35145,72546
2006-12-01,2,3,5,1,2,1,1,2,2,2,3,3,3,3,6,1,2,1,0,0,2,1,3,3,5,6,11,2,4,2,1,2,4,3,6,6,2,7,9,1,2,1,1,2,4,2,4,5,7,3,10,0,2,1,0,1,0,0,3,1,14,16,30,3,8,4,2,5,8,5,13,12,7647,7008,14655,7466,6872,14338,22320,21265,43585,37433,35145,72578
2007-01-01,14,22,36,4,7,9,9,14,15,13,21,24,11,18,29,5,7,8,7,10,13,12,17,21,25,40,65,9,14,17,16,24,28,25,38,45,10,17,27,3,4,7,4,8,8,7,12,15,13,25,38,2,5,4,3,8,10,5,13,14,48,82,130,14,23,28,23,40,46,37,63,74,7661,7024,14686,7482,6879,14361,22323,21240,43563,37466,35143,72610
2007-02-01,6,52,58,3,3,5,28,42,33,31,46,38,4,21,25,1,3,1,11,16,14,12,19,15,10,73,84,4,6,6,39,58,47,43,64,53,7,14,21,2,2,7,4,8,8,6,10,15,11,15,26,0,2,2,2,5,5,2,7,7,28,102,131,6,11,15,45,71,60,51,81,75,7676,7041,14716,7498,6887,14384,22326,21215,43541,37500,35143,72642
2007-03-01,8,43,51,2,3,6,18,31,26,20,34,32,0,14,14,0,0,0,6,9,9,6,9,9,8,57,65,2,3,6,24,40,35,26,43,41,4,14,18,0,1,0,6,11,6,6,12,6,10,10,20,0,0,2,0,3,1,0,3,3,22,81,103,2,4,8,30,54,42,32,58,50,7690,7058,14747,7513,6894,14408,22329,21190,43519,37532,35142,72674
2007-04-01,2,9,11,0,0,1,0,4,2,0,4,3,0,3,3,0,0,0,0,0,2,0,0,2,2,12,14,0,0,1,0,5,4,0,5,5,2,7,9,0,0,1,0,5,1,0,5,2,1,6,7,0,0,0,0,0,1,0,0,1,5,25,30,0,0,2,0,9,6,0,9,8,7704,7074,14778,7529,6902,14431,22332,21165,43497,37565,35141,72706
2007-05-01,1,3,4,0,0,1,0,0,3,0,0,4,2,5,7,0,0,1,0,0,2,0,0,3,3,8,11,0,0,2,0,0,5,0,0,7,4,1,5,0,0,0,0,0,1,0,0,1,6,5,11,0,0,3,0,0,0,0,0,3,13,14,27,0,0,5,0,0,6,0,0,11,7718,7091,14809,7544,6909,14454,22335,21140,43475,37597,35140,72738
2007-06-01,1,5,6,0,0,0,0,0,1,0,0,1,1,4,5,0,0,0,0,0,1,0,0,1,2,9,11,0,0,0,0,0,2,0,0,2,4,4,8,0,0,1,0,0,1,0,0,2,6,3,9,0,0,2,0,0,0,0,0,2,12,16,28,0,0,3,0,0,3,0,0,6,7733,7107,14840,7560,6917,14477,22338,21115,43453,37631,35139,72770
2007-07-01,1,4,5,0,0,0,0,0,3,0,0,3,1,7,8,0,0,0,0,0,1,0,0,1,2,11,13,0,0,0,0,0,4,0,0,4,4,4,8,0,0,0,0,0,0,0,0,0,3,2,5,0,0,1,0,0,0,0,0,1,9,17,26,0,0,1,0,0,4,0,0,5,7747,7124,14871,7576,6925,14500,22342,21090,43431,37665,35139,72802
2007-08-01,1,0,1,0,0,1,0,0,0,0,0,1,0,2,2,0,0,0,0,0,1,0,0,1,1,2,3,0,0,1,0,0,1,0,0,2,1,1,2,0,0,0,0,0,1,0,0,1,2,4,6,0,0,0,0,0,2,0,0,2,4,7,11,0,0,1,0,0,4,0,0,5,7759,7137,14896,7590,6941,14531,22343,21063,43406,37692,35141,72833
2007-09-01,0,2,2,0,0,0,0,0,2,0,0,2,0,1,1,0,0,0,0,0,0,0,0,0,0,3,3,0,0,0,0,0,2,0,0,2,3,6,9,0,0,0,0,0,1,0,0,1,0,2,2,0,0,0,0,0,1,0,0,1,3,11,14,0,0,0,0,0,4,0,0,4,7772,7150,14922,7604,6958,14562,22344,21037,43380,37720,35145,72864
2007-10-01,1,3,4,0,0,0,0,0,1,0,0,1,1,2,3,0,0,1,0,0,0,0,0,1,2,5,7,0,0,1,0,0,1,0,0,2,5,4,9,0,0,0,0,0,3,0,0,3,4,3,7,0,0,1,0,0,0,0,0,1,11,12,23,0,0,2,0,0,4,0,0,6,7784,7163,14947,7618,6974,14593,22345,21010,43355,37747,35147,72895
2007-11-01,1,3,4,0,0,1,0,0,0,0,0,1,4,1,5,0,0,2,0,1,0,0,1,2,5,4,9,0,0,3,0,1,0,0,1,3,1,7,8,0,0,0,0,0,2,0,0,2,6,6,12,0,3,0,0,0,6,0,3,6,12,17,29,0,4,3,0,1,8,0,4,11,7796,7177,14973,7633,6991,14624,22346,20984,43330,37775,35152,72926
2007-12-01,6,4,10,6,6,6,0,0,3,6,6,9,6,2,8,1,2,3,1,1,2,2,3,5,12,6,18,7,8,9,1,1,5,8,9,14,10,7,17,1,5,3,0,0,4,1,6,7,16,6,22,3,11,5,0,0,2,3,12,7,38,19,57,11,24,17,1,2,11,12,26,28,7809,7190,14998,7647,7008,14655,22347,20957,43304,37803,35155,72957
2008-01-01,18,13,31,12,18,12,2,5,6,14,23,18,11,3,14,2,3,9,0,1,1,2,3,10,29,16,46,14,20,21,2,6,7,16,26,28,13,8,21,4,9,5,1,3,2,5,12,7,13,7,20,3,9,3,1,2,1,4,11,4,55,31,87,21,39,29,4,11,10,25,49,39,7821,7203,15024,7661,7024,14686,22348,20931,43279,37830,35158,72988
2008-02-01,5,43,48,2,4,3,14,22,28,16,25,31,7,21,28,0,2,0,4,8,9,4,10,9,12,64,76,2,5,3,18,30,37,20,35,40,5,18,23,1,3,1,2,7,5,3,10,6,9,24,33,0,4,2,1,5,7,1,9,9,26,106,132,3,12,6,21,42,49,24,55,55,7833,7216,15049,7676,7041,14716,22349,20905,43253,37858,35162,73019
2008-03-01,3,32,35,0,0,3,13,17,24,13,17,27,3,18,21,1,1,2,3,6,10,4,7,12,6,50,56,1,1,5,16,23,34,17,24,39,12,10,22,0,1,5,1,4,3,1,5,8,9,12,21,0,0,0,0,3,0,0,3,0,27,72,99,1,3,10,17,30,37,18,32,47,7846,7229,15075,7690,7058,14747,22350,20878,43228,37886,35165,73050
2008-04-01,1,6,7,0,0,1,0,1,3,0,1,4,4,4,8,0,1,1,0,1,1,0,2,2,5,10,15,0,1,2,0,2,4,0,3,6,7,10,17,0,0,0,1,4,1,1,4,1,9,11,20,0,0,0,1,4,2,1,4,2,21,31,52,0,1,2,2,10,7,2,11,9,7858,7242,15100,7704,7074,14778,22351,20852,43203,37913,35168,73081
2008-05-01,1,7,8,0,0,1,0,0,5,0,0,6,2,3,5,0,0,0,0,0,1,0,0,1,3,10,13,0,0,1,0,0,6,0,0,7,0,13,13,0,0,0,0,3,3,0,3,3,5,4,9,0,0,1,0,1,1,0,1,2,8,27,35,0,0,2,0,3,10,0,3,12,7870,7255,15126,7718,7091,14809,22352,20825,43177,37940,35171,73112
2008-06-01,0,6,6,0,0,0,0,0,3,0,0,3,1,4,5,0,0,0,0,0,2,0,0,2,1,10,11,0,0,0,0,0,5,0,0,5,0,6,6,0,0,0,0,0,0,0,0,0,7,14,21,0,0,0,0,0,1,0,0,1,8,30,38,0,0,0,0,0,6,0,0,6,7883,7268,15151,7733,7107,14840,22353,20799,43152,37969,35174,73143
2008-07-01,0,2,2,0,0,0,0,0,1,0,0,1,0,3,3,0,0,0,0,0,2,0,0,2,0,5,5,0,0,0,0,0,3,0,0,3,5,8,13,0,0,0,0,0,0,0,0,0,5,6,11,0,0,0,0,0,1,0,0,1,10,19,29,0,0,0,0,0,4,0,0,4,7895,7282,15177,7747,7124,14871,22354,20773,43127,37996,35179,73174
2008-08-01,0,3,3,0,0,0,0,0,2,0,0,2,1,2,3,0,0,0,0,0,0,0,0,0,1,5,6,0,0,0,0,0,2,0,0,2,1,4,5,0,0,1,0,0,2,0,0,3,1,3,4,0,0,0,0,0,1,0,0,1,3,12,15,0,0,1,0,0,5,0,0,6,7904,7306,15209,7759,7137,14896,22384,20782,43165,38047,35225,73271
2008-09-01,0,2,2,0,0,0,0,0,1,0,0,1,0,2,2,0,0,0,0,0,0,0,0,0,0,4,4,0,0,0,0,0,1,0,0,1,0,1,1,0,0,0,0,0,0,0,0,0,2,3,5,0,0,0,0,0,1,0,0,1,2,8,10,0,0,0,0,0,2,0,0,2,7912,7330,15242,7772,7150,14922,22414,20791,43204,38098,35271,73368
2008-10-01,0,4,4,0,0,0,0,1,1,0,1,1,0,7,7,0,0,0,0,4,0,0,4,0,0,11,11,0,0,0,0,5,1,0,5,1,0,9,9,0,0,0,0,3,0,0,3,0,3,6,9,0,0,0,0,1,1,0,1,1,3,26,29,0,0,0,0,9,2,0,9,2,7921,7354,15275,7784,7163,14947,22443,20800,43243,38148,35317,73465
2008-11-01,1,15,16,0,0,0,5,7,12,5,7,12,2,11,13,0,1,0,5,7,8,5,8,8,3,26,29,0,2,0,10,14,20,10,16,20,2,14,16,0,2,0,1,6,3,1,8,3,4,21,25,0,0,0,1,6,3,1,6,3,9,61,70,0,4,0,12,26,26,12,29,26,7929,7378,15307,7796,7177,14973,22473,20809,43282,38198,35364,73562
2008-12-01,6,42,48,1,3,3,22,34,25,23,38,28,10,23,33,3,6,5,11,17,14,14,23,19,16,65,81,4,9,8,33,51,39,37,61,47,10,26,36,2,10,2,4,11,8,6,21,10,7,9,16,0,3,1,0,4,0,0,7,1,33,100,133,6,22,11,37,66,47,43,88,58,7938,7403,15340,7809,7190,14998,22503,20818,43321,38250,35411,73659
2009-01-01,14,36,50,8,11,9,17,26,24,25,38,33,8,11,19,2,5,3,2,6,5,4,11,8,22,47,70,10,17,12,19,32,29,29,49,41,8,11,19,1,6,1,0,3,2,1,9,3,6,11,17,1,2,1,1,6,2,2,8,3,36,69,106,12,25,14,20,41,33,32,66,47,7946,7427,15373,7821,7203,15024,22533,20828,43360,38300,35458,73757
2009-02-01,9,9,18,4,6,7,4,6,6,8,11,13,3,10,13,1,3,1,1,3,4,2,6,5,12,19,31,5,8,8,5,9,10,10,17,18,9,8,17,2,5,4,1,1,5,3,6,9,10,11,21,0,3,2,0,6,0,0,8,2,31,38,69,7,15,14,6,16,15,13,31,29,7955,7451,15405,7833,7216,15049,22562,20837,43399,38350,35504,73854
2009-03-01,1,19,20,0,1,0,2,5,11,2,5,11,4,7,11,0,4,0,1,2,3,1,6,3,5,26,31,0,5,0,3,6,14,3,11,14,6,11,17,0,2,1,0,1,1,0,3,2,9,4,13,0,0,0,0,0,0,0,0,0,20,41,61,0,7,1,3,8,15,3,14,16,7963,7475,15438,7846,7229,15075,22592,20846,43438,38401,35550,73951
2009-04-01,2,12,14,0,0,0,1,2,5,1,2,5,2,6,8,0,0,0,0,1,2,0,1,2,4,18,22,0,0,0,1,3,7,1,3,7,3,6,9,0,0,0,0,0,2,0,0,2,5,6,11,0,0,0,0,0,1,0,0,1,12,30,42,0,0,0,1,3,10,1,3,10,7972,7499,15471,7858,7242,15100,22622,20855,43477,38452,35596,74048
2009-05-01,2,6,8,0,0,1,0,1,1,0,1,2,0,7,7,0,0,0,0,0,1,0,0,1,2,13,15,0,0,1,0,1,2,0,1,3,4,3,7,0,0,0,0,0,0,0,0,0,5,12,17,0,0,0,0,0,2,0,0,2,11,28,39,0,0,1,0,1,4,0,1,5,7980,7524,15504,7870,7255,15126,22652,20864,43516,38502,35643,74145
2009-06-01,0,3,3,0,0,0,0,0,3,0,0,3,4,4,8,0,0,1,0,0,0,0,0,1,4,7,11,0,0,1,0,0,3,0,0,4,2,6,8,0,0,0,0,0,1,0,0,1,6,11,17,0,0,0,0,0,1,0,0,1,12,24,36,0,0,1,0,0,5,0,0,6,7989,7548,15536,7883,7268,15151,22681,20873,43555,38553,35689,74242
2009-07-01,0,3,3,0,0,0,0,0,0,0,0,0,0,5,5,0,0,0,0,0,1,0,0,1,0,8,8,0,0,0,0,0,1,0,0,1,3,6,9,0,0,0,0,0,0,0,0,0,6,6,12,0,0,0,0,0,0,0,0,0,9,20,29,0,0,0,0,0,1,0,0,1,7997,7572,15569,7895,7282,15177,22711,20883,43594,38603,35737,74339
2009-08-01,0,1,1,0,0,0,0,0,0,0,0,0,0,4,4,0,0,0,0,0,1,0,0,1,0,5,5,0,0,0,0,0,1,0,0,1,2,8,10,0,0,0,0,0,2,0,0,2,2,6,8,0,0,0,0,0,0,0,0,0,4,19,23,0,0,0,0,0,3,0,0,3,8005,7588,15593,7904,7306,15209,22753,20920,43673,38662,35814,74475
2009-09-01,0,3,3,0,0,0,0,0,0,0,0,0,4,2,6,0,2,1,0,0,0,0,2,1,4,5,9,0,2,1,0,0,0,0,2,1,2,6,8,0,0,0,0,0,1,0,0,1,3,9,12,0,0,0,0,0,2,0,0,2,9,20,29,0,2,1,0,0,3,0,2,4,8012,7604,15617,7912,7330,15242,22795,20957,43753,38719,35891,74611
2009-10-01,1,2,3,0,0,1,0,0,1,0,0,2,4,7,11,1,2,1,0,0,2,1,2,3,5,9,14,1,2,2,0,0,3,1,2,5,2,6,8,0,1,0,0,0,1,0,1,1,4,9,13,0,0,0,0,0,2,0,0,2,11,24,35,1,2,2,0,0,6,1,2,8,8020,7620,15641,7921,7354,15275,22838,20994,43832,38779,35968,74747
2009-11-01,1,9,10,0,0,1,0,0,6,0,0,7,3,9,12,0,0,3,0,0,9,0,0,12,4,18,22,0,0,4,0,0,15,0,0,19,3,7,10,1,1,3,0,0,5,1,1,8,12,18,30,0,1,8,0,0,15,0,1,23,19,43,62,1,2,15,0,0,35,1,2,50,8028,7637,15664,7929,7378,15307,22880,21032,43912,38837,36047,74883
2009-12-01,2,7,9,0,0,2,0,0,7,0,0,9,4,9,13,0,0,4,0,0,8,0,0,12,6,16,22,0,0,6,0,0,15,0,0,21,4,6,10,0,0,4,0,0,4,0,0,8,5,13,18,2,2,5,0,0,11,2,2,16,15,35,50,2,2,15,0,0,30,2,2,45,8036,7653,15688,7938,7403,15340,22922,21069,43991,38896,36125,75019
2010-01-01,14,11,25,11,13,12,3,4,9,14,16,21,12,9,21,6,6,11,1,3,4,7,9,15,26,20,46,17,19,23,4,7,13,21,26,36,18,14,32,6,8,12,0,2,7,6,10,19,15,10,25,6,9,10,0,0,6,6,9,16,59,44,103,29,36,45,4,9,26,33,45,71,8043,7669,15712,7946,7427,15373,22964,21106,44071,38953,36202,75155
2010-02-01,21,30,51,11,16,15,9,21,13,20,37,28,9,22,31,1,5,2,7,14,9,8,19,11,30,52,82,12,21,17,16,35,22,28,56,39,17,24,41,2,8,4,4,9,7,6,17,11,12,29,41,1,7,1,2,6,6,3,12,7,59,105,164,15,35,22,22,49,35,37,85,57,8051,7685,15736,7955,7451,15405,23006,21144,44150,39012,36280,75291
2010-03-01,5,38,43,4,5,4,19,31,22,23,36,26,2,20,22,1,2,1,2,9,6,3,11,7,7,58,65,5,6,5,21,40,28,26,47,33,11,9,20,0,3,2,0,5,0,0,8,2,14,11,25,0,3,3,0,3,1,0,6,4,32,78,110,5,12,10,21,48,29,26,60,39,8059,7701,15760,7963,7475,15438,23049,21181,44230,39071,36357,75427
2010-04-01,1,15,16,0,1,0,3,10,6,3,11,6,3,6,9,0,2,0,1,1,4,1,3,4,4,21,25,0,3,0,4,11,10,4,14,10,0,7,7,0,0,0,0,3,1,0,3,1,7,7,14,0,0,0,0,0,0,0,0,0,11,35,46,0,3,0,4,14,11,4,17,11,8066,7717,15784,7972,7499,15471,23091,21218,44309,39129,36434,75563
2010-05-01,0,3,3,0,0,0,1,2,2,1,2,2,1,10,11,0,0,1,0,2,3,0,2,4,1,13,14,0,0,1,1,3,5,1,3,6,1,9,10,0,0,0,1,5,1,1,5,1,6,16,22,0,0,0,0,5,1,0,5,1,8,38,46,0,0,1,2,13,7,2,13,8,8074,7733,15807,7980,7524,15504,23133,21255,44389,39187,36512,75699
2010-06-01,1,2,3,0,0,0,1,1,2,1,1,2,1,5,6,0,0,0,1,2,2,1,2,2,2,7,9,0,0,0,2,3,4,2,3,4,1,4,5,0,0,0,0,4,0,0,4,0,5,11,16,0,0,1,1,4,2,1,4,3,8,22,30,0,0,1,3,11,6,3,11,7,8082,7749,15831,7989,7548,15536,23175,21293,44468,39246,36590,75835
2010-07-01,0,4,4,0,0,0,0,1,1,0,1,1,1,3,4,0,0,0,0,1,0,0,1,0,1,7,8,0,0,0,0,2,1,0,2,1,1,6,7,0,0,0,0,0,0,0,0,0,1,9,10,0,0,0,0,5,0,0,5,0,3,22,25,0,0,0,0,6,1,0,6,1,8090,7766,15855,7997,7572,15569,23218,21330,44548,39305,36668,75972
2010-08-01,0,6,6,0,0,0,0,0,1,0,0,1,0,3,3,0,0,0,0,0,2,0,0,2,0,9,9,0,0,0,0,0,3,0,0,3,0,6,6,0,0,0,0,0,0,0,0,0,1,6,7,0,0,0,0,0,0,0,0,0,1,21,22,0,0,0,0,0,3,0,0,3,8111,7790,15902,8005,7588,15593,23253,21384,44637,39369,36762,76131
2010-09-01,0,4,4,0,0,0,0,0,0,0,0,0,0,0,0,0,0,0,0,0,0,0,0,0,0,4,4,0,0,0,0,0,0,0,0,0,1,2,3,0,0,0,0,0,0,0,0,0,0,6,6,0,0,0,0,0,1,0,0,1,1,12,13,0,0,0,0,0,1,0,0,1,8133,7815,15948,8012,7604,15617,23288,21438,44726,39433,36857,76291
2010-10-01,0,2,2,0,0,0,0,0,2,0,0,2,1,3,4,0,0,0,0,0,2,0,0,2,1,5,6,0,0,0,0,0,4,0,0,4,4,2,6,0,1,2,0,1,0,0,1,2,5,11,16,0,0,0,0,0,0,0,0,0,10,18,28,0,1,2,0,1,4,0,1,6,8155,7840,15995,8020,7620,15641,23323,21492,44815,39498,36952,76450
2010-11-01,1,17,18,1,1,1,11,14,13,12,15,14,0,8,8,0,0,0,1,4,3,1,4,3,1,25,26,1,1,1,12,18,16,13,19,17,9,8,17,1,3,2,1,4,3,2,7,5,9,8,17,0,0,0,0,3,0,0,3,0,19,41,60,2,4,3,13,25,19,15,29,22,8177,7864,16041,8028,7637,15664,23358,21546,44904,39563,37047,76610
2010-12-01,2,30,32,1,2,1,17,25,21,18,27,22,4,16,20,1,2,3,9,12,12,10,14,15,6,46,52,2,4,4,26,37,33,28,40,37,10,14,24,2,5,5,4,8,7,6,13,12,9,21,30,0,2,3,2,9,5,2,10,8,25,81,106,4,10,12,32,53,45,36,63,57,8199,7889,16088,8036,7653,15688,23393,21600,44993,39628,37142,76769
2011-01-01,19,66,85,14,18,14,39,56,46,53,74,60,17,19,36,5,12,7,14,16,16,19,28,23,36,85,121,19,31,21,53,72,62,72,102,83,19,10,29,7,11,11,3,6,5,10,17,16,18,16,34,3,5,9,1,9,2,4,14,11,73,111,184,29,47,41,57,86,69,86,133,110,8221,7914,16135,8043,7669,15712,23428,21654,45082,39692,37237,76929
2011-02-01,8,23,31,2,5,4,11,18,14,13,23,18,9,11,20,6,7,7,2,6,6,8,13,13,17,34,51,8,13,11,13,23,20,21,36,31,5,5,10,1,3,2,0,1,2,1,4,4,4,10,14,0,1,0,4,7,6,4,8,6,26,49,75,9,17,13,17,31,28,26,48,41,8243,7938,16181,8051,7685,15736,23463,21708,45171,39757,37331,77088
2011-03-01,1,8,9,0,0,1,1,2,7,1,2,8,1,7,8,0,0,1,2,4,3,2,4,4,2,15,17,0,0,2,3,5,10,3,5,12,4,4,8,0,1,2,0,0,1,0,1,3,10,7,17,0,0,2,0,4,0,0,4,2,16,26,42,0,1,6,3,9,11,3,10,17,8265,7963,16228,8059,7701,15760,23499,21762,45260,39823,37426,77248
2011-04-01,1,3,4,0,0,0,0,0,1,0,0,1,0,4,4,0,0,0,0,1,1,0,1,1,1,7,8,0,0,0,0,1,2,0,1,2,9,11,20,1,3,2,0,0,1,1,3,3,5,8,13,0,0,0,0,0,1,0,0,1,15,26,41,1,3,2,0,1,4,1,4,6,8286,7988,16274,8066,7717,15784,23534,21816,45349,39886,37521,77407
2011-05-01,1,2,3,0,0,0,0,0,1,0,0,1,0,4,4,0,0,0,0,0,1,0,0,1,1,6,7,0,0,0,0,0,2,0,0,2,2,5,7,0,1,0,0,0,1,0,1,1,6,7,13,0,0,0,0,0,0,0,0,0,9,18,27,0,1,0,0,0,3,0,1,3,8308,8013,16321,8074,7733,15807,23569,21870,45438,39951,37616,77567
2011-06-01,1,5,6,0,0,1,0,0,0,0,0,1,0,3,3,0,0,0,0,0,0,0,0,0,1,8,9,0,0,1,0,0,0,0,0,1,4,3,7,0,0,0,0,0,0,0,0,0,2,6,8,0,0,0,0,0,1,0,0,1,7,17,24,0,0,1,0,0,1,0,0,2,8330,8037,16367,8082,7749,15831,23604,21924,45527,40016,37710,77726
2011-07-01,0,4,4,0,0,0,0,0,2,0,0,2,0,2,2,0,0,0,0,0,0,0,0,0,0,6,6,0,0,0,0,0,2,0,0,2,0,1,1,0,0,0,0,0,0,0,0,0,7,4,11,0,0,1,0,0,0,0,0,1,7,11,18,0,0,1,0,0,2,0,0,3,8352,8062,16414,8090,7766,15855,23639,21978,45617,40081,37806,77886
2011-08-01,0,0,0,0,0,0,0,0,0,0,0,0,1,1,2,0,0,1,0,0,1,0,0,2,1,1,2,0,0,1,0,0,1,0,0,2,0,4,4,0,0,0,0,0,0,0,0,0,4,4,8,0,0,0,0,0,0,0,0,0,5,9,14,0,0,1,0,0,1,0,0,2,8376,8074,16450,8111,7790,15902,23668,22031,45699,40155,37895,78050
2011-09-01,0,3,3,0,0,0,0,0,1,0,0,1,0,1,1,0,0,0,0,0,0,0,0,0,0,4,4,0,0,0,0,0,1,0,0,1,1,2,3,0,0,0,0,0,0,0,0,0,12,8,20,0,0,0,0,0,0,0,0,0,13,14,27,0,0,0,0,0,1,0,0,1,8400,8086,16486,8133,7815,15948,23696,22084,45781,40229,37985,78214
2011-10-01,0,0,0,0,0,0,0,0,0,0,0,0,2,4,6,0,0,0,0,0,3,0,0,3,2,4,6,0,0,0,0,0,3,0,0,3,3,2,5,0,0,2,0,0,0,0,0,2,2,6,8,0,0,0,0,0,0,0,0,0,7,12,19,0,0,2,0,0,3,0,0,5,8424,8098,16522,8155,7840,15995,23725,22138,45863,40304,38076,78379
2011-11-01,2,3,5,0,1,1,0,0,2,0,1,3,0,0,0,0,0,0,0,0,0,0,0,0,2,3,5,0,1,1,0,0,2,0,1,3,1,3,4,0,0,0,0,0,0,0,0,0,3,6,9,0,0,0,0,0,0,0,0,0,6,12,18,0,1,1,0,0,2,0,1,3,8447,8110,16557,8177,7864,16041,23753,22191,45945,40377,38165,78543
2011-12-01,2,11,13,2,2,2,0,0,9,2,2,11,2,3,5,1,1,2,0,0,3,1,1,5,4,14,18,3,3,4,0,0,12,3,3,16,3,6,9,1,3,1,0,1,2,1,3,3,4,7,11,0,0,1,0,0,2,0,0,3,11,27,38,4,6,6,0,1,16,4,7,22,8471,8122,16593,8199,7889,16088,23782,22245,46027,40452,38256,78708
2012-01-01,10,19,29,8,9,9,6,7,15,14,16,24,8,5,13,6,8,6,1,1,3,7,9,9,18,24,43,14,16,15,7,8,18,21,25,33,12,8,20,4,9,5,1,2,6,5,11,11,6,7,13,0,0,2,0,0,5,0,0,7,36,39,76,18,26,22,8,10,29,26,36,51,8495,8134,16629,8221,7914,16135,23810,22298,46109,40526,38346,78872
2012-02-01,5,24,29,3,4,4,3,6,17,6,10,21,8,17,25,2,5,4,2,3,13,4,8,17,13,41,54,5,9,8,5,9,30,10,17,38,5,7,12,1,3,2,2,3,4,3,6,6,11,15,26,0,0,1,2,3,6,2,3,7,29,63,92,6,12,11,9,15,40,15,26,51,8519,8146,16665,8243,7938,16181,23839,22352,46191,40601,38436,79036
2012-03-01,1,21,22,1,1,1,11,13,17,12,14,18,1,7,8,0,0,1,0,1,2,0,1,3,2,28,30,1,1,2,11,14,19,12,15,21,3,10,13,0,1,1,0,1,4,0,2,5,4,4,8,0,0,0,0,1,2,0,1,2,9,42,51,1,2,3,11,16,25,12,18,28,8543,8158,16701,8265,7963,16228,23867,22405,46273,40675,38526,79201
2012-04-01,1,7,8,0,0,1,2,4,4,2,4,5,3,6,9,0,0,1,3,5,3,3,5,4,4,13,17,0,0,2,5,9,7,5,9,9,1,4,5,0,0,0,0,0,1,0,0,1,5,9,14,0,0,1,1,3,3,1,3,4,10,26,36,0,0,3,6,11,11,6,11,14,8567,8170,16737,8286,7988,16274,23896,22459,46355,40749,38617,79365
2012-05-01,0,6,6,0,0,0,1,2,3,1,2,3,1,0,1,0,0,0,0,0,0,0,0,0,1,6,7,0,0,0,1,2,3,1,2,3,0,3,3,0,0,0,0,0,1,0,0,1,5,10,15,0,0,0,1,3,3,1,3,3,6,19,25,0,0,0,2,5,7,2,5,7,8590,8182,16772,8308,8013,16321,23924,22512,46437,40822,38707,79530
2012-06-01,1,2,3,0,0,1,0,0,1,0,0,2,0,5,5,0,0,0,0,0,3,0,0,3,1,7,8,0,0,1,0,0,4,0,0,5,3,2,5,0,0,2,0,0,0,0,0,2,1,4,5,0,0,0,1,1,3,1,1,3,5,13,18,0,0,3,1,1,7,1,1,10,8614,8194,16808,8330,8037,16367,23953,22566,46519,40897,38797,79694
2012-07-01,0,2,2,0,0,0,0,0,2,0,0,2,0,4,4,0,0,0,0,0,2,0,0,2,0,6,6,0,0,0,0,0,4,0,0,4,2,4,6,0,0,0,0,0,3,0,0,3,1,2,3,0,0,0,0,0,1,0,0,1,3,12,15,0,0,0,0,0,8,0,0,8,8638,8206,16844,8352,8062,16414,23982,22619,46601,40972,38887,79859
2012-08-01,0,0,0,0,0,0,0,0,0,0,0,0,1,2,3,0,0,0,0,0,0,0,0,0,1,2,3,0,0,0,0,0,0,0,0,0,0,2,2,0,0,0,0,0,1,0,0,1,0,0,0,0,0,0,0,0,0,0,0,0,1,4,5,0,0,0,0,0,1,0,0,1,8648,8212,16861,8376,8074,16450,24020,22684,46704,41044,38970,80014
2012-09-01,1,1,2,0,0,0,0,0,1,0,0,1,0,3,3,0,0,0,0,0,3,0,0,3,1,4,5,0,0,0,0,0,4,0,0,4,3,1,4,0,0,0,0,0,0,0,0,0,3,3,6,0,0,0,0,2,0,0,2,0,7,8,15,0,0,0,0,2,4,0,2,4,8659,8219,16877,8400,8086,16486,24058,22749,46807,41117,39054,80170
2012-10-01,0,0,0,0,0,0,0,0,0,0,0,0,1,3,4,0,0,1,0,0,3,0,0,4,1,3,4,0,0,1,0,0,3,0,0,4,5,2,7,0,0,1,0,1,1,0,1,2,4,5,9,0,0,0,1,2,2,1,2,2,10,10,20,0,0,2,1,2,6,1,2,8,8669,8225,16894,8424,8098,16522,24096,22814,46910,41189,39137,80325
2012-11-01,0,4,4,0,0,0,3,3,4,3,3,4,1,6,7,0,1,0,1,4,2,1,4,2,1,10,11,0,1,0,4,7,6,4,7,6,3,4,7,0,0,3,3,3,4,3,3,7,0,10,10,0,0,0,0,2,2,0,2,2,4,24,28,0,1,3,7,11,12,7,12,15,8679,8231,16911,8447,8110,16557,24134,22879,47013,41260,39220,80481
2012-12-01,5,9,14,4,5,4,4,6,7,8,10,11,3,7,10,2,2,3,6,7,6,8,9,9,8,16,24,6,7,7,10,12,13,16,19,20,5,10,15,2,3,2,4,7,6,6,10,8,4,9,13,0,1,1,1,2,5,1,3,6,17,35,52,8,11,10,15,21,24,23,33,34,8690,8237,16927,8471,8122,16593,24172,22944,47116,41333,39303,80636
2013-01-01,12,31,43,7,11,8,17,25,20,24,36,28,7,11,18,3,5,4,6,9,8,9,14,12,19,42,61,10,16,12,23,34,28,33,49,40,8,15,23,1,5,2,5,10,7,6,15,9,6,12,18,2,3,4,2,5,5,4,8,9,33,69,102,13,24,18,30,49,40,43,73,58,8700,8244,16944,8495,8134,16629,24210,23009,47219,41405,39387,80792
2013-02-01,4,27,31,3,3,4,17,18,25,20,21,29,4,7,11,2,3,2,6,6,7,8,9,9,8,34,42,5,6,6,23,24,32,28,31,38,3,7,10,2,2,3,3,4,6,5,6,9,6,21,27,1,2,3,8,12,13,9,14,16,17,62,79,8,11,12,34,40,51,42,51,63,8710,8250,16960,8519,8146,16665,24248,23074,47322,41477,39470,80948
2013-03-01,1,10,11,1,1,1,5,6,9,6,7,10,2,4,6,0,1,1,1,1,4,1,2,5,3,14,17,1,2,2,6,7,13,7,8,15,3,3,6,0,0,2,2,3,2,2,3,4,3,6,9,0,0,1,1,2,4,1,2,5,9,23,32,1,2,5,9,11,19,10,14,24,8721,8256,16977,8543,8158,16701,24286,23139,47426,41550,39553,81103
2013-04-01,0,5,5,0,0,0,0,1,3,0,1,3,0,1,1,0,0,0,0,0,0,0,0,0,0,6,6,0,0,0,0,1,3,0,1,3,1,1,2,0,0,0,1,1,1,1,1,1,4,2,6,0,0,2,0,0,1,0,0,3,5,9,14,0,0,2,1,2,5,1,2,7,8731,8263,16994,8567,8170,16737,24324,23204,47529,41622,39637,81259
2013-05-01,0,5,5,0,0,0,0,0,5,0,0,5,2,2,4,0,0,1,0,0,0,0,0,1,2,7,9,0,0,1,0,0,5,0,0,6,1,6,7,0,0,0,0,0,4,0,0,4,1,10,11,0,0,0,0,0,0,0,0,0,4,23,27,0,0,1,0,0,9,0,0,10,8741,8269,17010,8590,8182,16772,24362,23269,47632,41693,39720,81414
2013-06-01,1,2,3,0,0,1,0,0,2,0,0,3,0,3,3,0,0,0,0,0,1,0,0,1,1,5,6,0,0,1,0,0,3,0,0,4,0,4,4,0,0,0,0,0,3,0,0,3,3,5,8,0,0,0,0,0,5,0,0,5,4,14,18,0,0,1,0,0,11,0,0,12,8752,8275,17027,8614,8194,16808,24400,23334,47735,41766,39803,81570
2013-07-01,0,3,3,0,0,0,0,0,2,0,0,2,1,4,5,0,0,0,0,0,3,0,0,3,1,7,8,0,0,0,0,0,5,0,0,5,0,4,4,0,0,0,0,0,3,0,0,3,2,6,8,0,0,0,0,0,2,0,0,2,3,17,20,0,0,0,0,0,10,0,0,10,8762,8282,17044,8638,8206,16844,24439,23400,47838,41839,39888,81726
2013-08-01,0,2,2,0,0,0,0,0,0,0,0,0,0,2,2,0,0,0,0,0,1,0,0,1,0,4,4,0,0,0,0,0,1,0,0,1,1,0,1,0,0,0,0,0,0,0,0,0,0,2,2,0,0,0,0,0,2,0,0,2,1,6,7,0,0,0,0,0,3,0,0,3,8776,8317,17094,8648,8212,16861,24492,23452,47944,41916,39981,81898
2013-09-01,1,2,3,0,0,1,0,0,1,0,0,2,0,0,0,0,0,0,0,0,0,0,0,0,1,2,3,0,0,1,0,0,1,0,0,2,0,4,4,0,0,0,0,0,0,0,0,0,2,2,4,0,0,2,0,0,1,0,0,3,3,8,11,0,0,3,0,0,2,0,0,5,8791,8353,17144,8659,8219,16877,24545,23505,48051,41995,40077,82071
2013-10-01,1,3,4,1,1,1,0,0,3,1,1,4,2,4,6,0,1,1,0,0,3,0,1,4,3,7,10,1,2,2,0,0,6,1,2,8,1,5,6,0,0,1,0,0,4,0,0,5,4,8,12,0,0,2,0,0,5,0,0,7,8,20,28,1,2,5,0,0,15,1,2,20,8805,8389,17194,8669,8225,16894,24599,23558,48157,42073,40172,82244
2013-11-01,1,3,4,1,1,1,0,0,1,1,1,2,7,6,13,2,5,3,0,0,3,2,5,6,8,9,17,3,6,4,0,1,4,3,6,8,3,4,7,0,1,0,0,0,1,0,1,1,3,4,7,0,0,2,0,0,2,0,0,4,14,17,31,3,7,6,0,1,7,3,8,13,8819,8425,17244,8679,8231,16911,24652,23611,48263,42150,40267,82417
2013-12-01,3,12,15,2,3,2,2,2,9,4,5,11,6,9,15,4,5,5,1,2,4,5,7,9,9,21,30,6,8,7,3,5,13,9,12,20,11,6,17,2,5,6,0,0,4,2,5,10,6,11,17,3,4,3,0,2,3,3,7,6,26,38,64,11,17,16,3,7,20,14,24,36,8834,8460,17294,8690,8237,16927,24706,23664,48369,42230,40361,82590
2014-01-01,9,13,22,8,9,8,1,2,9,9,11,17,10,4,14,6,7,8,1,2,2,7,9,10,19,17,36,14,16,16,2,4,11,16,20,27,12,8,20,5,7,8,1,2,5,6,8,13,6,9,15,1,2,4,3,4,6,4,6,10,37,34,71,20,25,28,6,10,22,26,35,50,8848,8496,17344,8700,8244,16944,24759,23717,48476,42307,40457,82763
2014-02-01,1,14,15,1,1,1,6,9,9,7,10,10,5,6,11,0,2,2,2,3,4,2,5,6,6,20,26,1,3,3,8,12,13,9,15,16,8,9,17,1,2,5,3,4,6,4,6,11,6,14,20,1,2,2,0,2,4,1,4,6,20,43,63,3,7,10,11,18,23,14,25,33,8862,8532,17394,8710,8250,16960,24812,23769,48582,42384,40551,82936
2014-03-01,1,11,12,1,1,1,7,8,10,8,9,11,1,6,7,0,0,0,3,4,4,3,4,4,2,17,19,1,1,1,10,12,14,11,13,15,4,3,7,0,0,1,1,1,3,1,1,4,1,10,11,0,0,0,0,0,6,0,0,6,7,30,37,1,2,2,11,13,23,12,15,25,8877,8568,17444,8721,8256,16977,24866,23822,48688,42464,40646,83109
2014-04-01,1,3,4,0,1,0,1,2,2,1,2,2,0,4,4,0,0,0,1,2,3,1,2,3,1,7,8,0,1,0,2,3,5,2,4,5,4,7,11,0,0,1,1,2,4,1,2,5,1,1,2,0,0,1,0,0,0,0,0,1,6,15,21,0,1,2,3,5,9,3,5,11,8891,8603,17494,8731,8263,16994,24919,23875,48794,42541,40741,83282
2014-05-01,1,3,4,0,0,1,0,1,1,0,1,2,1,1,2,0,0,0,0,0,0,0,0,0,2,4,6,0,0,1,0,1,1,0,1,2,2,2,4,0,0,0,0,0,1,0,0,1,2,2,4,0,0,1,0,0,0,0,0,1,6,8,14,0,0,2,0,1,2,0,1,4,8905,8639,17544,8741,8269,17010,24973,23928,48901,42619,40836,83455
2014-06-01,1,4,5,0,0,0,2,2,4,2,2,4,1,2,3,0,0,0,0,0,1,0,0,1,2,6,8,0,0,0,2,2,5,2,2,5,2,4,6,0,0,1,0,0,2,0,0,3,2,3,5,0,0,0,0,0,2,0,0,2,6,13,19,0,0,1,2,2,9,2,2,10,8920,8675,17594,8752,8275,17027,25026,23981,49007,42698,40931,83628
2014-07-01,1,3,4,0,0,0,0,0,2,0,0,2,0,2,2,0,0,0,0,0,2,0,0,2,1,5,6,0,0,0,0,0,4,0,0,4,2,2,4,0,0,0,0,0,2,0,0,2,2,1,3,0,0,1,0,0,1,0,0,2,5,8,13,0,0,1,0,0,7,0,0,8,8934,8711,17645,8762,8282,17044,25080,24034,49113,42776,41027,83801
2014-08-01,0,2,2,0,0,0,1,1,2,1,1,2,0,2,2,0,0,0,0,0,1,0,0,1,0,4,4,0,0,0,1,1,3,1,1,3,0,2,2,0,0,0,0,0,1,0,0,1,0,2,2,0,0,0,0,0,0,0,0,0,0,8,8,0,0,0,1,1,4,1,1,4,8955,8744,17699,8776,8317,17094,25136,24077,49212,42867,41138,84004
2014-09-01,0,3,3,0,0,0,1,2,2,1,2,2,0,1,1,0,0,0,0,0,1,0,0,1,0,4,4,0,0,0,1,2,3,1,2,3,0,1,1,0,0,0,0,0,1,0,0,1,0,5,5,0,0,0,0,3,0,0,3,0,0,10,10,0,0,0,1,4,4,1,4,4,8976,8777,17753,8791,8353,17144,25192,24120,49311,42959,41250,84207
2014-10-01,0,4,4,0,0,0,3,3,4,3,3,4,2,0,2,0,0,1,0,0,0,0,0,1,2,4,6,0,0,1,3,3,4,3,3,5,1,2,3,0,0,1,0,0,2,0,0,3,0,7,7,0,0,0,1,2,2,1,2,2,3,13,16,0,0,2,4,5,8,4,6,10,8997,8810,17807,8805,8389,17194,25248,24163,49410,43050,41362,84411
2014-11-01,1,14,15,1,1,1,9,10,13,10,11,14,2,7,9,1,1,2,3,5,5,4,6,7,3,21,24,2,2,3,12,14,18,14,16,21,3,5,8,2,2,3,1,1,4,3,3,7,2,5,7,0,0,1,0,2,2,0,2,3,8,31,39,4,4,7,13,17,24,17,22,31,9018,8843,17861,8819,8425,17244,25304,24206,49509,43141,41474,84614
2014-12-01,10,34,44,4,9,4,15,25,20,19,35,24,15,9,24,9,13,10,3,8,3,12,21,13,25,43,68,13,22,14,18,33,23,31,55,37,6,10,16,3,4,5,4,5,7,7,9,12,2,11,13,1,1,2,6,8,8,7,9,10,33,64,97,17,27,21,28,46,38,45,73,59,9038,8876,17915,8834,8460,17294,25360,24249,49608,43232,41585,84817
2015-01-01,10,29,39,2,7,3,10,22,13,12,28,16,8,13,21,2,5,4,4,10,4,6,15,8,18,42,60,4,11,7,14,32,17,18,44,24,4,4,8,2,3,3,1,2,3,3,4,6,2,5,7,1,2,1,1,3,2,2,4,3,24,51,75,7,16,11,16,36,22,23,52,33,9059,8910,17969,8848,8496,17344,25416,24292,49707,43323,41698,85020
2015-02-01,2,7,9,0,0,2,3,4,5,3,4,7,3,4,7,0,0,2,0,1,3,0,1,5,5,11,16,0,0,4,3,5,8,3,5,12,5,3,8,1,2,3,2,2,3,3,4,6,1,8,9,0,0,0,0,1,4,0,1,4,11,22,33,1,2,7,5,7,15,6,10,22,9080,8943,18023,8862,8532,17394,25472,24335,49806,43414,41810,85223
2015-03-01,3,3,6,0,0,3,2,2,3,2,2,6,4,3,7,0,0,4,0,0,1,0,0,5,7,6,13,0,0,7,2,2,4,2,2,11,1,6,7,0,0,1,1,2,4,1,2,5,7,6,13,0,0,3,0,0,2,0,0,5,15,18,33,0,0,11,3,4,10,3,4,21,9101,8976,18077,8877,8568,17444,25528,24378,49905,43506,41922,85426
2015-04-01,0,6,6,0,0,0,2,2,5,2,2,5,2,1,3,0,0,2,0,0,1,0,0,3,2,7,9,0,0,2,2,2,6,2,2,8,3,5,8,0,0,2,1,1,3,1,1,5,2,2,4,0,0,1,0,0,0,0,0,1,7,14,21,0,0,5,3,4,9,3,4,14,9122,9009,18131,8891,8603,17494,25584,24421,50004,43597,42033,85630
2015-05-01,1,2,3,0,0,1,0,0,2,0,0,3,0,7,7,0,0,0,0,0,5,0,0,5,1,9,10,0,0,1,0,0,7,0,0,8,3,2,5,0,0,2,0,0,2,0,0,4,4,5,9,0,0,2,0,0,3,0,0,5,8,16,24,0,0,5,0,0,12,0,0,17,9143,9042,18185,8905,8639,17544,25640,24464,50103,43688,42145,85833
2015-06-01,1,2,3,0,0,1,0,0,1,0,0,2,1,5,6,0,0,1,0,0,4,0,0,5,2,7,9,0,0,2,0,0,5,0,0,7,1,1,2,0,0,0,0,0,1,0,0,1,4,3,7,0,0,3,0,0,2,0,0,5,7,11,18,0,0,5,0,0,8,0,0,13,9164,9075,18239,8920,8675,17594,25696,24507,50202,43780,42257,86036
2015-07-01,0,1,1,0,0,0,0,0,1,0,0,1,0,1,1,0,0,0,0,0,0,0,0,0,0,2,2,0,0,0,0,0,1,0,0,1,2,0,2,0,0,0,0,0,0,0,0,0,2,1,3,0,0,1,0,0,0,0,0,1,4,3,7,0,0,1,0,0,1,0,0,2,9185,9109,18293,8934,8711,17645,25752,24550,50302,43871,42370,86239
2015-08-01,0,0,0,0,0,0,0,0,0,0,0,0,0,2,2,0,0,0,0,0,1,0,0,1,0,2,2,0,0,0,0,0,1,0,0,1,2,3,5,0,0,2,0,0,2,0,0,4,0,3,3,0,0,0,0,0,2,0,0,2,2,8,10,0,0,2,0,0,5,0,0,7,9221,9128,18349,8955,8744,17699,25801,24604,50404,43977,42476,86452
2015-09-01,0,1,1,0,0,0,0,0,1,0,0,1,0,3,3,0,0,0,0,0,3,0,0,3,0,4,4,0,0,0,0,0,4,0,0,4,2,4,6,1,1,2,0,0,3,1,1,5,2,2,4,0,0,0,0,0,1,0,0,1,4,10,14,1,1,2,0,0,8,1,1,10,9258,9148,18406,8976,8777,17753,25849,24658,50507,44083,42583,86665
2015-10-01,1,2,3,0,0,1,0,0,1,0,0,2,3,3,6,0,1,2,0,0,3,0,1,5,4,5,9,0,1,3,0,0,4,0,1,7,1,3,4,1,1,1,0,0,0,1,1,1,1,2,3,0,1,0,0,0,2,0,1,2,6,10,16,1,3,4,0,1,6,1,3,10,9295,9167,18462,8997,8810,17807,25898,24712,50609,44190,42689,86878
2015-11-01,5,4,9,5,5,5,2,2,4,7,7,9,6,5,11,4,6,4,3,3,5,7,9,9,11,9,20,9,11,9,5,5,9,14,16,18,5,7,12,3,4,4,1,2,6,4,5,10,2,7,9,1,2,1,1,2,3,2,4,4,18,23,41,13,16,14,7,9,18,20,25,32,9332,9187,18518,9018,8843,17861,25946,24766,50712,44296,42796,87090
2015-12-01,9,27,36,7,9,7,11,18,17,18,27,24,2,13,15,2,2,2,5,7,9,7,9,11,11,40,51,9,11,9,16,25,26,25,36,35,12,13,25,7,9,8,7,9,9,14,19,17,1,18,19,1,1,1,6,7,14,7,8,15,24,71,95,17,21,18,29,42,49,46,63,67,9368,9206,18574,9038,8876,17915,25995,24820,50814,44401,42902,87303
2016-01-01,5,29,34,4,5,4,15,21,20,19,26,24,5,16,21,3,4,4,8,10,13,11,13,17,10,45,56,7,9,8,23,31,33,30,40,41,6,13,19,0,0,6,5,9,6,5,9,12,4,8,12,1,1,4,0,2,2,1,3,6,20,66,87,8,10,18,28,42,41,36,51,59,9405,9226,18631,9059,8910,17969,26043,24874,50917,44507,43010,87516
2016-02-01,2,19,21,0,2,0,11,14,15,11,15,15,2,7,9,0,0,2,1,2,5,1,2,7,4,26,30,0,2,2,12,16,20,12,17,22,6,14,20,0,0,3,1,2,10,1,2,13,1,7,8,0,0,1,1,1,5,1,1,6,11,47,58,0,2,6,14,19,35,14,21,41,9442,9245,18687,9080,8943,18023,26092,24928,51019,44614,43116,87729
2016-03-01,2,7,9,0,0,1,1,2,5,1,2,6,6,6,12,0,0,4,0,0,4,0,0,8,8,13,21,0,0,5,1,2,9,1,2,14,0,5,5,0,0,0,1,1,4,1,1,4,5,12,17,0,0,3,0,0,9,0,0,12,13,30,43,0,0,8,2,3,22,2,4,30,9479,9265,18743,9101,8976,18077,26140,24982,51122,44720,43223,87942
2016-04-01,0,8,8,0,0,0,0,0,8,0,0,8,1,3,4,1,1,1,0,0,2,1,1,3,1,11,12,1,1,1,0,0,10,1,1,11,0,5,5,0,0,0,0,0,3,0,0,3,6,5,11,0,0,5,0,0,3,0,0,8,7,21,28,1,1,6,0,0,16,1,1,22,9515,9284,18799,9122,9009,18131,26189,25036,51224,44826,43329,88155
2016-05-01,3,9,12,1,1,3,0,0,8,1,1,11,1,5,6,0,0,1,0,0,3,0,0,4,4,14,18,1,1,4,0,0,11,1,1,15,0,2,2,0,0,0,0,0,1,0,0,1,0,2,2,0,0,0,0,0,1,0,0,1,4,18,22,1,1,4,0,0,13,1,1,17,9552,9304,18856,9143,9042,18185,26237,25090,51327,44932,43436,88367
2016-06-01,2,2,4,0,0,1,0,0,1,0,0,2,1,0,1,0,0,1,0,0,0,0,0,1,3,2,5,0,0,2,0,0,1,0,0,3,1,3,4,0,0,1,0,0,3,0,0,4,1,4,5,0,0,0,0,0,3,0,0,3,5,9,14,0,0,3,0,0,7,0,0,10,9589,9323,18912,9164,9075,18239,26286,25144,51429,45039,43542,88580
2016-07-01,0,2,2,0,0,0,0,0,1,0,0,1,0,2,2,0,0,0,0,0,2,0,0,2,0,4,4,0,0,0,0,0,3,0,0,3,0,3,3,0,0,0,0,0,1,0,0,1,2,4,6,0,0,1,0,0,2,0,0,3,2,11,13,0,0,1,0,0,6,0,0,7,9626,9343,18968,9185,9109,18293,26334,25198,51532,45145,43650,88793
2016-08-01,1,3,4,0,0,1,0,0,3,0,0,4,0,1,1,0,0,0,0,0,1,0,0,1,1,4,5,0,0,1,0,0,4,0,0,5,1,1,2,0,0,0,0,0,1,0,0,1,0,2,2,0,0,0,0,0,1,0,0,1,2,7,9,0,0,1,0,0,6,0,0,7,9627,9377,19004,9221,9128,18349,26380,25273,51653,45228,43778,89006
2016-09-01,0,0,0,0,0,0,0,0,0,0,0,0,0,0,0,0,0,0,0,0,0,0,0,0,0,0,0,0,0,0,0,0,0,0,0,0,1,2,3,0,0,1,0,0,1,0,0,2,4,2,6,0,0,2,0,0,2,0,0,4,5,4,9,0,0,3,0,0,3,0,0,6,9629,9412,19041,9258,9148,18406,26425,25348,51774,45312,43908,89220
2016-10-01,0,2,2,0,0,0,0,0,2,0,0,2,1,0,1,0,1,0,0,0,0,0,1,0,1,2,3,0,1,0,0,0,2,0,1,2,0,1,1,0,0,0,0,0,1,0,0,1,5,5,10,0,1,2,0,0,2,0,1,4,6,8,14,0,2,2,0,0,5,0,2,7,9631,9446,19077,9295,9167,18462,26471,25424,51894,45397,44037,89433
2016-11-01,2,7,9,1,2,1,2,2,7,3,4,8,2,3,5,2,2,2,0,1,1,2,3,3,4,10,14,3,4,3,2,3,8,5,7,11,4,1,5,1,2,2,0,0,1,1,2,3,2,5,7,1,1,2,0,0,3,1,1,5,10,16,26,5,7,7,2,3,12,7,10,19,9633,9481,19113,9332,9187,18518,26516,25499,52015,45481,44167,89646
2016-12-01,8,12,20,1,6,2,6,7,10,7,13,12,10,11,21,7,8,9,4,6,7,11,14,16,18,23,41,8,13,11,10,13,17,18,26,28,9,6,15,4,6,5,2,4,3,6,10,8,7,4,11,2,3,5,0,1,2,2,3,7,34,33,67,14,22,21,12,17,22,26,40,43,9634,9515,19149,9368,9206,18574,26562,25574,52136,45564,44295,89859
2017-01-01,21,32,53,10,15,13,12,23,15,22,38,28,16,14,30,4,8,9,4,7,8,8,15,17,37,46,83,14,23,22,16,30,23,30,54,45,11,7,18,2,5,5,1,3,2,3,8,7,4,11,15,0,1,2,5,6,9,5,6,11,52,64,116,16,29,29,22,39,34,38,68,63,9636,9550,19186,9405,9226,18631,26607,25649,52257,45648,44425,90073
2017-02-01,12,49,61,3,7,6,15,29,26,18,36,32,4,19,23,0,1,1,7,10,12,7,11,13,16,68,84,3,8,7,22,39,38,25,47,45,6,13,19,0,1,3,2,4,6,2,4,9,7,5,12,1,1,4,1,2,3,2,3,7,29,86,115,4,10,14,25,44,47,29,54,61,9638,9584,19222,9442,9245,18687,26653,25724,52377,45733,44553,90286
2017-03-01,1,26,27,0,0,1,8,12,18,8,12,19,4,10,14,1,1,3,2,3,8,3,4,11,5,36,41,1,1,4,10,15,26,11,16,30,2,7,9,0,0,2,0,0,6,0,0,8,3,5,8,0,0,1,1,2,3,1,2,4,10,48,58,1,2,7,11,16,35,12,18,42,9640,9619,19258,9479,9265,18743,26698,25800,52498,45817,44684,90499
2017-04-01,0,6,6,0,0,0,1,1,5,1,1,5,0,3,3,0,0,0,0,0,2,0,0,2,0,9,9,0,0,0,1,2,7,1,2,7,3,1,4,0,0,2,0,0,0,0,0,2,2,3,5,0,0,2,0,0,2,0,0,4,5,13,18,0,0,4,1,2,9,1,2,13,9641,9653,19294,9515,9284,18799,26744,25875,52619,45900,44812,90712
2017-05-01,2,1,3,0,0,0,0,0,0,0,0,0,0,3,3,0,0,0,0,0,3,0,0,3,2,4,6,0,0,0,0,0,3,0,0,3,1,2,3,0,0,1,0,0,1,0,0,2,1,0,1,0,0,1,0,0,0,0,0,1,4,6,10,0,0,2,0,0,4,0,0,6,9643,9688,19331,9552,9304,18856,26789,25950,52740,45984,44942,90926
2017-06-01,0,0,0,0,0,0,0,0,0,0,0,0,0,6,6,0,0,0,0,0,4,0,0,4,0,6,6,0,0,0,0,0,4,0,0,4,0,4,4,0,0,0,0,0,2,0,0,2,0,4,4,0,0,0,0,0,1,0,0,1,0,14,14,0,0,0,0,0,7,0,0,7,9645,9722,19367,9589,9323,18912,26835,26025,52860,46069,45070,91139
2017-07-01,0,0,0,0,0,0,0,0,0,0,0,0,0,1,1,0,0,0,0,0,1,0,0,1,0,1,1,0,0,0,0,0,1,0,0,1,1,2,3,0,0,1,0,0,2,0,0,3,0,1,1,0,0,0,0,0,1,0,0,1,1,4,5,0,0,1,0,0,4,0,0,5,9647,9757,19403,9626,9343,18968,26881,26101,52981,46154,45201,91352
2017-08-01,0,2,2,0,0,0,0,0,2,0,0,2,0,1,1,0,0,0,0,0,1,0,0,1,0,3,3,0,0,0,0,0,3,0,0,3,0,1,1,0,0,0,0,0,1,0,0,1,0,0,0,0,0,0,0,0,0,0,0,0,0,4,4,0,0,0,0,0,4,0,0,4,9623,9802,19425,9627,9377,19004,26952,26189,53141,46202,45368,91571
2017-09-01,0,2,2,0,0,0,0,0,2,0,0,2,0,1,1,0,0,0,0,0,1,0,0,1,0,3,3,0,0,0,0,0,3,0,0,3,3,1,4,0,0,2,0,0,0,0,0,2,2,4,6,0,0,2,0,0,3,0,0,5,5,8,13,0,0,4,0,0,6,0,0,10,9600,9847,19447,9629,9412,19041,27024,26277,53302,46253,45536,91789
2017-10-01,0,3,3,0,0,0,0,0,3,0,0,3,3,1,4,0,0,2,0,0,1,0,0,3,3,4,7,0,0,2,0,0,4,0,0,6,2,2,4,0,0,2,0,0,2,0,0,4,1,4,5,0,0,1,0,0,3,0,0,4,6,10,16,0,0,5,0,0,9,0,0,14,9577,9892,19469,9631,9446,19077,27096,26366,53462,46304,45704,92008
2017-11-01,3,1,4,3,3,3,0,0,1,3,3,4,3,3,6,1,2,1,0,1,1,1,3,2,6,4,10,4,5,4,0,1,2,4,6,6,6,2,8,1,2,4,0,0,1,1,2,5,0,5,5,0,0,0,1,1,3,1,1,3,12,11,23,5,7,8,1,2,6,6,9,14,9554,9937,19491,9633,9481,19113,27168,26454,53623,46355,45872,92226
2017-12-01,11,15,26,8,10,9,7,10,11,15,20,20,7,5,12,3,5,5,2,2,5,5,7,10,18,20,38,11,14,14,9,12,16,20,26,30,10,11,21,4,6,6,2,3,9,6,9,15,5,5,10,2,3,3,1,1,4,3,4,7,33,36,69,17,23,23,12,16,29,29,39,52,9531,9982,19513,9634,9515,19149,27240,26543,53783,46405,46040,92445
2018-01-01,15,15,30,13,13,15,11,13,13,24,26,28,5,9,14,4,5,4,6,7,8,10,11,12,20,24,44,17,18,19,17,19,21,34,37,40,7,6,13,3,3,7,4,4,6,7,7,13,1,5,6,0,0,1,1,1,3,1,1,4,28,35,63,20,21,27,22,25,30,42,45,57,9508,10027,19535,9636,9550,19186,27312,26631,53943,46456,46208,92663
2018-02-01,3,36,39,1,1,3,23,29,29,24,30,32,4,12,16,0,0,4,6,7,10,6,7,14,7,48,55,1,1,7,29,36,39,30,37,46,9,13,22,1,1,8,3,5,9,4,6,17,2,8,10,0,0,2,1,2,6,1,2,8,18,69,87,2,2,17,33,42,54,35,44,71,9485,10072,19556,9638,9584,19222,27384,26719,54104,46507,46375,92882
2018-03-01,0,18,18,0,0,0,12,14,16,12,14,16,1,2,3,0,0,1,0,0,1,0,0,2,1,20,21,0,0,1,12,14,17,12,14,18,3,11,14,0,0,3,3,4,7,3,4,10,3,5,8,0,0,1,2,2,4,2,2,5,7,36,43,0,0,5,17,21,28,17,21,33,9462,10117,19578,9640,9619,19258,27456,26808,54264,46558,46544,93100
2018-04-01,0,5,5,0,0,0,3,3,5,3,3,5,0,4,4,0,0,0,0,0,3,0,0,3,0,9,9,0,0,0,3,3,8,3,3,8,0,2,2,0,0,0,0,0,1,0,0,1,1,5,6,0,0,0,1,2,3,1,2,3,1,16,17,0,0,0,4,5,12,4,5,12,9438,10162,19600,9641,9653,19294,27528,26896,54424,46607,46711,93319
2018-05-01,2,4,6,0,0,2,0,0,3,0,0,5,1,3,4,0,0,1,0,0,2,0,0,3,3,7,11,0,0,3,0,0,5,0,0,8,2,6,8,0,0,2,0,0,3,0,0,5,3,5,8,0,0,1,0,0,5,0,0,6,8,18,27,0,0,6,0,0,13,0,0,19,9415,10207,19622,9643,9688,19331,27600,26985,54585,46658,46880,93537
2018-06-01,0,2,2,0,0,0,0,0,2,0,0,2,1,3,4,0,0,0,0,0,2,0,0,2,1,5,6,0,0,0,0,0,4,0,0,4,0,3,3,0,0,0,0,0,0,0,0,0,2,1,3,0,0,2,0,0,0,0,0,2,3,9,12,0,0,2,0,0,4,0,0,6,9392,10252,19644,9645,9722,19367,27672,27073,54745,46709,47047,93756
2018-07-01,0,2,2,0,0,0,0,0,2,0,0,2,1,1,2,0,0,1,0,0,1,0,0,2,1,3,4,0,0,1,0,0,3,0,0,4,0,3,3,0,0,0,0,0,0,0,0,0,1,0,1,0,0,0,0,0,0,0,0,0,2,6,8,0,0,1,0,0,3,0,0,4,9369,10297,19666,9647,9757,19403,27744,27162,54906,46760,47216,93975
2018-08-01,0,1,1,0,0,0,0,0,1,0,0,1,1,0,1,0,0,1,0,0,0,0,0,1,1,1,2,0,0,1,0,0,1,0,0,2,0,1,1,0,0,0,0,0,0,0,0,0,1,3,4,0,0,1,0,0,0,0,0,1,2,5,7,0,0,2,0,0,1,0,0,3,9379,10331,19697,9663,9782,19425,27799,27224,55052,46841,47337,94174
2018-09-01,0,1,1,0,0,0,0,0,1,0,0,1,2,2,4,0,0,1,0,0,0,0,0,1,2,3,5,0,0,1,0,0,1,0,0,2,3,3,6,0,0,3,0,0,1,0,0,4,4,3,7,0,0,2,0,0,2,0,0,4,9,9,18,0,0,6,0,0,4,0,0,10,9389,10364,19728,9680,9808,19447,27854,27287,55199,46923,47459,94373
2018-10-01,1,2,3,0,0,1,0,0,2,0,0,3,0,1,1,0,0,0,0,0,1,0,0,1,1,3,4,0,0,1,0,0,3,0,0,4,2,0,2,0,0,0,0,0,0,0,0,0,4,0,4,0,0,1,0,0,0,0,0,1,7,3,10,0,0,2,0,0,3,0,0,5,9399,10398,19759,9697,9834,19469,27909,27350,55345,47005,47582,94573
2018-11-01,1,3,4,0,1,0,0,0,2,0,1,2,2,4,6,0,1,1,0,0,4,0,1,5,3,7,10,0,1,1,0,0,6,0,1,7,3,2,5,0,1,0,0,0,2,0,1,2,3,9,12,0,0,1,0,0,6,0,0,7,9,18,27,0,2,2,0,0,14,0,2,16,9409,10431,19790,9714,9860,19491,27964,27412,55492,47087,47703,94772
2018-12-01,4,6,10,3,4,3,0,0,5,3,4,8,12,6,18,6,7,11,1,1,6,7,8,17,16,12,28,9,11,14,1,1,11,10,12,25,7,6,13,1,2,5,0,0,6,1,2,11,6,10,16,1,2,4,0,0,9,1,2,13,29,28,57,11,14,23,1,1,26,12,15,49,9420,10465,19821,9731,9886,19513,28019,27475,55638,47170,47826,94972
2019-01-01,12,11,23,8,10,9,3,4,9,11,14,18,15,12,27,9,10,13,2,3,10,11,13,23,27,23,50,17,21,22,5,7,19,22,27,41,14,8,22,8,10,11,1,1,8,9,11,19,10,7,17,2,3,7,1,1,6,3,4,13,51,38,89,27,33,40,7,9,33,34,42,73,9430,10499,19852,9747,9912,19535,28075,27538,55785,47252,47949,95171
2019-02-01,4,29,33,1,1,4,20,21,28,21,22,32,6,10,16,4,5,5,5,6,8,9,11,13,10,39,49,5,6,9,25,27,36,30,32,45,4,8,12,1,2,3,5,5,8,6,7,11,6,13,19,4,4,6,5,5,12,9,9,18,20,60,80,10,11,18,35,37,56,45,48,74,9440,10532,19883,9764,9937,19556,28130,27600,55931,47334,48069,95371
2019-03-01,4,26,30,2,2,4,18,19,24,20,21,28,6,15,21,2,2,6,9,10,14,11,12,20,10,41,51,4,4,10,27,29,38,31,33,48,2,13,15,0,0,2,8,8,13,8,8,15,5,4,9,0,0,4,2,2,4,2,2,8,17,58,75,4,4,16,37,39,55,41,43,71,9450,10566,19914,9781,9963,19578,28185,27663,56078,47416,48192,95570
2019-04-01,4,13,17,0,0,3,9,10,12,9,10,15,1,3,4,0,0,1,0,1,1,0,1,2,5,16,21,0,0,4,9,11,13,9,11,17,4,4,8,1,1,4,1,2,3,2,3,7,5,3,8,0,0,3,0,0,3,0,0,6,14,23,37,1,1,11,10,12,19,11,14,30,9460,10599,19945,9798,9989,19600,28240,27726,56224,47498,48314,95770
2019-05-01,1,4,5,0,0,1,0,1,3,0,1,4,0,0,0,0,0,0,0,0,0,0,0,0,1,4,5,0,0,1,0,1,3,0,1,4,0,3,3,0,0,0,1,1,2,1,1,2,1,2,3,0,0,0,0,0,0,0,0,0,2,9,11,0,0,1,1,2,5,1,2,6,9470,10633,19976,9815,10015,19622,28295,27789,56371,47580,48437,95969
2019-06-01,0,2,2,0,0,0,0,0,1,0,0,1,0,1,1,0,0,0,0,0,1,0,0,1,0,3,3,0,0,0,0,0,2,0,0,2,4,1,5,0,0,3,0,0,1,0,0,4,2,1,3,0,0,1,0,0,1,0,0,2,6,5,11,0,0,4,0,0,4,0,0,8,9480,10667,20007,9831,10041,19644,28350,27851,56517,47661,48559,96169
