date,caap.cases.4,rsv.caap.cases.4,caap.cases.4.11,rsv.caap.cases.4.11,caap.cases.6,caap.cases.6.J,caap.cases.6.B,rsv.caap.cases.6,rsv.caap.cases.6.J,rsv.caap.cases.6.B,caap.cases.6.11,caap.cases.6.11.J,caap.cases.6.11.B,rsv.caap.cases.6.11,rsv.caap.cases.6.11.J,rsv.caap.cases.6.11.B,caap.cases.12,caap.cases.12.J,caap.cases.12.B,rsv.caap.cases.12,rsv.caap.cases.12.J,rsv.caap.cases.12.B,bronch.cases.6.J,bronch.cases.6.B,bronch.cases.6,rsv.bronch.cases.6.J,rsv.bronch.cases.6.B,rsv.bronch.cases.6,bronch.cases.6.11.J,bronch.cases.6.11.B,bronch.cases.6.11,rsv.bronch.cases.6.11.J,rsv.bronch.cases.6.11.B,rsv.bronch.cases.6.11,bronch.cases.12,bronch.cases.12.J,bronch.cases.12.B,rsv.bronch.cases.12,rsv.bronch.cases.12.J,rsv.bronch.cases.12.B,pop.12,pop.12.J,pop.12.B,caap.cases.12.23,rsv.caap.cases.12.23,pop.12.23,caap.cases.24.59,rsv.caap.cases.24.59,pop.24.59,caap.cases.60,rsv.caap.cases.60,pop.60,caap.cases.4.J,caap.cases.4.B,rsv.caap.cases.4.J,rsv.caap.cases.4.B,caap.cases.4.11.J,caap.cases.4.11.B,rsv.caap.cases.4.11.J,rsv.caap.cases.4.11.B,bronch.cases.4.J,bronch.cases.4.B,bronch.cases.4,bronch.cases.4.11.J,bronch.cases.4.11.B,bronch.cases.4.11,rsv.bronch.cases.4.J,rsv.bronch.cases.4.B,rsv.bronch.cases.4,rsv.bronch.cases.4.11.J,rsv.bronch.cases.4.11.B,rsv.bronch.cases.4.11
2004-07-01,2,0,8,0,4,1,3,0,0,0,6,3,3,0,0,0,10,4,6,1,0,0,1,0,1,0,0,0,1,0,1,1,0,1,2,2,0,0,1,0,14404,7390,7014,7,0,14805,9,0,42025,26,0,71233,0,2,0,0,0,4,0,0,1,0,1,1,0,1,0,0,0,1,0,1
2004-08-01,0,0,4,0,0,0,0,0,0,0,4,1,3,0,0,0,4,1,3,0,0,0,0,2,2,0,0,0,0,1,1,0,0,0,3,0,3,0,0,0,14389,7390,6999,3,0,14771,2,0,42118,9,0,71278,0,0,0,0,0,3,0,0,0,1,1,0,2,2,0,0,0,0,0,0
2004-09-01,1,0,3,0,1,1,0,0,0,0,3,0,3,0,0,0,4,1,3,0,0,0,3,5,8,0,0,0,1,0,1,0,0,0,9,4,5,0,0,0,14374,7390,6984,3,0,14738,6,0,42212,13,0,71324,1,0,0,0,1,3,0,0,2,5,7,2,0,2,0,0,0,0,0,0
2004-10-01,2,0,2,0,3,0,3,0,0,0,1,0,1,0,0,0,4,0,4,0,0,0,0,6,6,0,0,0,1,0,1,0,0,0,7,1,6,0,0,0,14359,7390,6969,4,0,14704,4,0,42306,12,0,71369,0,2,0,0,0,2,0,0,0,5,5,1,1,2,0,0,0,0,0,0
2004-11-01,2,0,13,1,6,2,4,0,0,0,9,2,7,1,0,1,15,4,11,1,0,1,4,6,10,1,1,3,1,2,3,1,0,1,13,5,8,3,2,1,14344,7390,6954,12,1,14671,16,2,42400,43,3,71414,0,2,0,0,0,9,0,1,4,6,10,1,2,3,1,1,3,1,0,1
2004-12-01,14,8,15,3,19,1,18,10,1,9,10,3,7,2,0,2,29,4,25,11,1,11,10,30,40,4,22,26,5,3,8,4,1,5,48,15,33,30,8,22,14328,7389,6939,17,6,14638,11,3,42493,57,20,71459,0,14,0,8,0,11,0,2,7,22,29,8,11,19,3,16,19,5,6,10
2005-01-01,25,18,32,9,34,2,32,21,1,20,23,4,19,6,2,4,57,6,51,27,3,24,39,122,161,26,97,124,16,32,48,9,18,27,209,55,154,151,36,115,14313,7389,6924,20,11,14604,18,8,42587,95,46,71505,1,24,1,17,1,27,2,8,27,94,121,28,60,88,19,74,93,17,40,57
2005-02-01,30,18,34,13,43,7,36,22,3,19,21,7,14,8,4,4,64,14,50,30,7,23,37,141,178,27,102,129,13,29,42,10,16,26,220,50,170,155,37,118,14298,7389,6909,15,8,14571,22,11,42681,101,49,71550,4,26,3,15,4,24,4,9,27,114,141,23,56,79,19,85,104,18,33,50
2005-03-01,11,5,15,4,18,3,15,6,1,5,8,2,6,3,1,2,26,5,21,9,2,7,16,51,67,11,29,39,4,8,12,4,4,8,79,20,59,47,14,33,14283,7389,6894,13,3,14538,16,5,42775,55,17,71595,2,9,1,4,2,12,1,3,14,32,46,6,27,33,9,19,29,5,12,16
2005-04-01,3,1,8,1,6,0,6,0,0,0,5,3,2,1,1,0,11,3,8,1,1,0,3,15,18,2,3,4,0,3,3,0,1,1,21,3,18,5,2,3,14268,7389,6879,12,1,14504,7,0,42868,30,1,71640,0,3,0,1,0,5,1,0,3,10,13,0,8,8,2,2,3,0,2,2
2005-05-01,4,0,9,0,7,0,7,0,0,0,6,2,4,0,0,0,13,2,11,0,0,0,2,8,10,1,0,1,0,3,3,0,0,0,13,2,11,1,1,0,14253,7389,6864,7,0,14471,10,0,42962,30,0,71686,0,4,0,0,0,7,0,0,2,4,6,0,7,7,1,0,1,0,0,0
2005-06-01,3,1,9,0,5,1,4,1,1,0,7,0,7,0,0,0,12,1,11,1,1,0,2,0,2,1,0,1,1,2,3,0,0,0,8,3,2,1,1,0,14238,7389,6849,2,0,14437,16,0,43056,30,1,71731,1,2,1,0,1,9,0,0,2,0,2,1,2,3,1,0,1,0,0,0
2005-07-01,1,0,3,0,3,1,2,1,1,0,1,1,0,0,0,0,4,2,2,1,1,0,1,2,3,0,0,0,0,0,0,0,0,0,3,1,2,0,0,0,14223,7389,6834,3,0,14404,5,0,43150,12,1,71776,0,1,0,0,0,1,0,0,1,2,3,0,0,0,0,0,0,0,0,0
2005-08-01,2,0,3,0,3,0,3,0,0,0,2,0,2,0,0,0,5,0,5,0,0,0,1,1,2,0,0,0,0,0,0,0,0,0,2,1,1,0,0,0,14246,7404,6842,6,0,14389,6,0,43195,17,0,71829,0,2,0,0,0,3,0,0,1,1,2,0,0,0,0,0,0,0,0,0
2005-09-01,1,0,3,0,2,1,1,0,0,0,2,1,1,0,0,0,4,2,2,0,0,0,3,0,3,0,0,0,0,1,1,0,0,0,4,3,1,0,0,0,14269,7420,6849,8,0,14374,16,0,43240,28,0,71883,1,0,0,0,1,2,0,0,2,0,2,1,1,2,0,0,0,0,0,0
2005-10-01,3,0,7,0,4,0,4,0,0,0,6,1,5,0,0,0,10,1,9,0,0,0,0,4,4,0,0,0,0,2,2,0,0,0,6,0,6,0,0,0,14292,7435,6857,8,0,14359,7,1,43286,25,1,71936,0,3,0,0,0,6,0,0,0,2,2,0,4,4,0,0,0,0,0,0
2005-11-01,1,0,8,1,1,0,1,0,0,0,8,3,5,1,1,0,9,3,6,1,1,0,1,7,8,1,2,3,3,1,4,0,0,0,12,4,8,3,1,2,14315,7451,6864,10,1,14344,12,3,43331,31,4,71990,0,1,0,0,0,5,1,0,1,5,6,3,3,6,1,2,3,1,0,1
2005-12-01,1,0,10,4,1,0,1,0,0,0,10,6,4,4,3,1,11,6,5,4,3,1,16,14,30,14,7,21,7,1,8,5,0,5,38,23,15,27,19,7,14338,7466,6872,13,5,14328,20,3,43377,44,12,72043,0,1,0,0,0,4,3,0,11,13,24,12,2,14,9,7,16,10,1,11
2006-01-01,29,18,19,11,37,17,20,24,12,12,11,5,6,7,5,2,48,22,26,30,17,13,86,43,129,78,30,108,21,8,29,19,7,26,158,107,51,134,97,37,14361,7482,6879,25,14,14313,32,7,43422,105,52,72097,14,15,9,9,14,11,7,4,65,36,101,42,15,57,57,25,83,39,12,51
2006-02-01,30,16,34,16,41,8,33,24,6,18,23,2,21,8,1,7,64,10,54,31,7,25,47,140,187,42,98,140,13,26,39,8,20,28,226,60,166,168,50,118,14384,7498,6887,27,12,14298,29,4,43468,120,47,72150,7,23,5,11,7,31,2,14,39,99,138,21,67,88,35,71,107,15,47,61
2006-03-01,16,7,39,12,28,1,27,13,0,13,27,8,19,5,1,4,55,9,46,18,1,17,5,87,92,2,52,54,5,23,28,2,17,19,120,10,110,73,4,69,14408,7513,6894,21,6,14283,24,1,43513,100,24,72204,0,16,0,7,0,30,1,11,2,64,66,8,46,54,1,37,38,3,32,35
2006-04-01,5,2,15,1,8,1,7,3,0,3,12,4,8,1,0,1,20,5,15,3,0,3,2,28,30,0,12,12,0,6,6,0,4,4,36,2,34,15,0,15,14431,7529,6902,14,3,14268,14,2,43559,48,7,72257,0,5,0,2,0,10,0,1,2,24,26,0,10,10,0,9,9,0,6,6
2006-05-01,4,1,10,0,5,0,5,0,0,0,8,1,7,0,0,0,14,1,12,0,0,0,1,5,6,0,1,1,0,2,2,0,0,0,8,1,7,1,0,1,14454,7544,6909,6,1,14253,19,1,43604,39,2,72311,0,4,0,1,0,9,0,0,1,3,4,0,4,4,0,1,1,0,0,0
2006-06-01,1,0,4,0,3,1,2,0,0,0,2,1,1,0,0,0,5,2,3,0,0,0,0,1,1,0,0,0,0,0,0,0,0,0,1,0,1,0,0,0,14477,7560,6917,9,0,14238,12,0,43650,26,0,72364,0,1,0,0,0,2,0,0,0,0,0,0,1,1,0,0,0,0,0,0
2006-07-01,3,0,6,0,5,0,5,0,0,0,4,1,3,0,0,0,9,1,8,0,0,0,1,2,3,0,0,0,0,0,0,0,0,0,3,1,2,0,0,0,14500,7576,6925,7,0,14223,7,0,43695,23,0,72418,0,3,0,0,0,5,0,0,1,2,3,0,0,0,0,0,0,0,0,0
2006-08-01,3,0,6,0,5,0,5,0,0,0,4,0,4,0,0,0,9,0,9,0,0,0,1,1,2,1,0,1,0,0,0,0,0,0,2,1,1,1,1,0,14531,7590,6941,8,0,14246,7,0,43673,24,0,72450,0,3,0,0,0,6,0,0,1,1,2,0,0,0,0,0,0,0,0,0
2006-09-01,1,0,7,0,2,0,2,0,0,0,6,0,6,0,0,0,8,0,8,0,0,0,2,2,4,2,0,2,0,0,0,0,0,0,4,2,2,2,2,0,14562,7604,6958,3,0,14269,8,5,43651,19,5,72482,0,1,0,0,0,7,0,0,0,2,2,2,0,2,0,0,0,2,0,2
2006-10-01,4,0,5,0,5,1,4,0,0,0,4,2,2,0,0,0,9,3,6,0,0,0,3,4,7,2,0,2,1,0,1,0,0,0,8,4,4,2,2,0,14593,7618,6974,16,2,14292,8,4,43629,33,6,72514,1,3,0,0,1,3,0,0,1,2,3,3,2,5,0,0,0,3,0,3
2006-11-01,2,0,4,0,2,0,2,0,0,0,4,0,4,0,0,0,6,0,6,0,0,0,2,3,5,2,0,2,1,1,2,0,1,1,7,3,4,4,2,1,14624,7633,6991,8,2,14315,11,4,43607,25,6,72546,0,2,0,0,0,4,0,0,1,2,3,2,2,4,1,0,1,2,2,3
2006-12-01,3,1,8,4,5,2,3,3,2,2,6,3,3,3,2,0,11,5,6,6,4,2,14,14,28,7,7,14,4,2,6,2,2,4,34,18,16,18,9,9,14655,7647,7008,9,4,14338,10,3,43585,30,13,72578,0,3,0,1,0,3,4,0,13,12,25,5,4,9,7,5,11,2,4,6
2007-01-01,26,14,39,24,36,14,22,21,7,14,29,11,18,17,7,10,65,25,40,38,14,24,52,78,130,32,59,91,18,34,52,12,28,40,182,70,112,131,44,87,14686,7661,7024,27,12,14361,38,13,43563,130,63,72610,10,16,4,10,10,24,10,15,39,57,96,31,55,86,22,41,63,22,45,68
2007-02-01,47,36,36,28,58,6,52,46,3,42,25,4,21,19,3,16,84,10,73,64,6,58,27,166,193,18,132,150,18,59,77,13,52,65,270,45,225,214,31,184,14716,7676,7041,21,10,14384,26,7,43541,131,81,72642,4,43,2,34,4,30,4,24,18,128,146,27,97,124,13,102,115,18,81,99
2007-03-01,31,23,34,20,51,8,43,34,3,31,14,0,14,9,0,9,65,8,57,43,3,40,16,80,96,10,60,69,1,27,28,1,22,23,124,17,107,92,10,82,14747,7690,7058,18,12,14408,20,3,43519,103,58,72674,6,25,3,20,6,32,0,20,12,60,72,5,47,52,8,44,51,2,39,41
2007-04-01,6,3,8,1,11,2,9,4,0,4,3,0,3,0,0,0,14,2,12,5,0,5,2,9,11,2,6,7,0,5,5,0,3,3,16,2,14,11,2,9,14778,7704,7074,9,5,14431,7,0,43497,30,9,72706,1,5,0,3,1,7,0,1,1,4,5,1,10,11,1,3,4,0,6,6
2007-05-01,3,0,8,0,4,1,3,0,0,0,7,2,5,0,0,0,11,3,8,0,0,0,1,3,4,0,1,1,0,0,0,0,0,0,4,1,3,1,0,1,14809,7718,7091,5,0,14454,11,0,43475,27,0,72738,1,2,0,0,1,6,0,0,1,3,4,0,0,0,0,0,0,0,0,0
2007-06-01,4,0,7,0,6,1,5,0,0,0,5,1,4,0,0,0,11,2,9,0,0,0,0,3,3,0,0,0,0,1,1,0,0,0,4,0,4,0,0,0,14840,7733,7107,8,0,14477,9,0,43453,28,0,72770,0,4,0,0,0,5,0,0,0,2,2,0,2,2,0,0,0,0,0,0
2007-07-01,3,0,10,0,5,1,4,0,0,0,8,1,7,0,0,0,13,2,11,0,0,0,0,3,3,0,0,0,1,2,3,0,0,0,6,1,5,0,0,0,14871,7747,7124,8,0,14500,5,0,43431,26,0,72802,0,3,0,0,0,8,0,0,0,2,2,1,3,4,0,0,0,0,0,0
2007-08-01,1,0,2,0,1,1,0,0,0,0,2,0,2,0,0,0,3,1,2,0,0,0,0,1,1,0,0,0,0,0,0,0,0,0,1,0,1,0,0,0,14896,7759,7137,2,0,14531,6,0,43406,11,0,72833,1,0,0,0,1,2,0,0,0,0,0,0,1,1,0,0,0,0,0,0
2007-09-01,2,0,1,0,2,0,2,0,0,0,1,0,1,0,0,0,3,0,3,0,0,0,0,1,1,0,0,0,0,0,0,0,0,0,1,0,1,0,0,0,14922,7772,7150,9,0,14562,2,0,43380,14,0,72864,0,2,0,0,0,1,0,0,0,0,0,0,1,1,0,0,0,0,0,0
2007-10-01,2,0,5,0,4,1,3,0,0,0,3,1,2,0,0,0,7,2,5,0,0,0,1,1,2,1,0,1,1,0,1,0,0,0,3,2,1,1,1,0,14947,7784,7163,9,0,14593,7,0,43355,23,0,72895,0,2,0,0,0,3,0,0,0,1,1,2,0,2,0,0,0,1,0,1
2007-11-01,3,0,6,1,4,1,3,0,0,0,5,4,1,1,0,1,9,5,4,1,0,1,3,4,7,3,1,4,2,1,3,1,1,2,10,5,5,5,4,2,14973,7796,7177,8,0,14624,12,3,43330,29,4,72926,1,2,0,0,1,2,0,1,2,3,5,3,2,5,2,1,3,2,1,3
2007-12-01,9,6,9,3,10,6,4,6,6,0,8,6,2,3,2,1,18,12,6,9,8,1,33,10,43,31,6,36,15,5,20,14,2,16,63,48,15,52,45,7,14998,7809,7190,17,6,14655,22,12,43304,57,26,72957,6,3,6,0,6,3,2,1,25,6,31,23,9,32,24,3,26,21,5,26
2008-01-01,22,17,23,10,31,18,13,23,18,5,14,11,3,3,3,1,46,29,16,26,20,6,86,35,121,75,27,102,27,5,32,22,2,24,153,113,40,125,97,28,15024,7821,7203,21,12,14686,20,11,43279,87,49,72988,11,11,11,6,11,5,9,1,57,26,83,56,14,70,54,20,74,42,8,51
2008-02-01,31,20,45,16,48,5,43,25,4,22,28,7,21,10,2,8,76,12,64,35,5,30,32,99,131,26,60,86,3,26,29,3,16,19,160,35,125,105,29,76,15049,7833,7216,23,10,14716,33,9,43253,132,55,73019,4,27,3,17,4,37,4,13,25,70,95,10,55,65,22,47,69,7,29,36
2008-03-01,26,13,30,11,35,3,32,17,0,17,21,3,18,7,1,6,56,6,50,24,1,23,4,48,52,2,33,36,4,9,13,1,7,8,65,8,57,44,3,40,15075,7846,7229,22,5,14747,21,3,43228,99,32,73050,2,24,0,13,2,26,1,9,2,37,39,6,20,26,2,26,28,1,14,15
2008-04-01,4,0,11,2,7,1,6,1,0,1,8,4,4,2,1,1,15,5,10,3,1,2,1,10,11,0,5,5,0,3,3,0,3,3,14,1,13,8,0,8,15100,7858,7242,17,4,14778,20,4,43203,52,11,73081,1,3,0,0,1,7,1,2,0,8,8,1,5,6,0,4,4,0,3,3
2008-05-01,6,0,7,0,8,1,7,0,0,0,5,2,3,0,0,0,13,3,10,0,0,0,0,4,4,0,2,2,0,0,0,0,0,0,4,0,4,2,0,2,15126,7870,7255,13,3,14809,9,1,43177,35,3,73112,0,6,0,0,0,4,0,0,0,3,3,0,1,1,0,1,1,0,1,1
2008-06-01,4,0,7,0,6,0,6,0,0,0,5,1,4,0,0,0,11,1,10,0,0,0,0,3,3,0,1,1,0,1,1,0,0,0,4,0,4,1,0,1,15151,7883,7268,6,0,14840,21,0,43152,38,0,73143,0,4,0,0,0,6,0,0,0,3,3,0,1,1,0,0,0,0,0,0
2008-07-01,2,0,3,0,2,0,2,0,0,0,3,0,3,0,0,0,5,0,5,0,0,0,0,1,1,0,0,0,0,2,2,0,0,0,3,0,3,0,0,0,15177,7895,7282,13,0,14871,11,0,43127,29,0,73174,0,2,0,0,0,3,0,0,0,1,1,0,2,2,0,0,0,0,0,0
2008-08-01,2,0,4,0,3,0,3,0,0,0,3,1,2,0,0,0,6,1,5,0,0,0,0,0,0,0,0,0,0,0,0,0,0,0,0,0,0,0,0,0,15209,7904,7306,5,0,14896,4,0,43165,15,0,73271,0,2,0,0,0,3,0,0,0,0,0,0,0,0,0,0,0,0,0,0
2008-09-01,2,0,2,0,2,0,2,0,0,0,2,0,2,0,0,0,4,0,4,0,0,0,0,3,3,0,0,0,0,0,0,0,0,0,3,0,3,0,0,0,15242,7912,7330,1,0,14922,5,0,43204,10,0,73368,0,2,0,0,0,2,0,0,0,2,2,0,1,1,0,0,0,0,0,0
2008-10-01,3,1,8,5,4,0,4,1,0,1,7,0,7,4,0,4,11,0,11,5,0,5,0,5,5,0,3,3,0,0,0,0,0,0,5,0,5,3,0,3,15275,7921,7354,9,3,14947,9,1,43243,29,9,73465,0,3,0,1,0,8,0,5,0,5,5,0,0,0,0,3,3,0,0,0
2008-11-01,14,6,15,10,16,1,15,7,0,7,13,2,11,8,1,7,29,3,26,16,2,14,3,25,28,2,23,25,3,15,18,2,12,14,46,6,40,39,4,36,15307,7929,7378,16,8,14973,25,6,43282,70,29,73562,1,13,0,5,1,13,1,9,3,18,21,3,22,25,2,16,18,2,20,22
2008-12-01,35,28,46,32,48,6,42,38,3,34,33,10,23,23,6,17,81,16,65,61,9,51,11,117,128,9,101,110,11,24,35,9,18,27,163,22,141,137,18,120,15340,7938,7403,36,21,14998,16,7,43321,133,88,73659,4,31,2,27,4,34,8,24,11,88,99,11,53,64,9,78,86,9,41,50
2009-01-01,42,34,27,15,50,14,36,38,11,26,19,8,11,11,5,6,70,22,47,49,17,32,49,63,112,45,45,90,12,13,25,8,9,17,137,61,76,107,53,54,15373,7946,7427,19,9,15024,17,8,43360,106,66,73757,12,30,10,24,12,17,7,8,45,54,99,16,22,38,41,40,81,12,14,26
2009-02-01,11,7,20,8,18,9,9,11,6,6,13,3,10,6,3,3,31,12,19,17,8,9,30,20,50,25,14,39,7,5,12,3,3,6,62,37,25,44,28,16,15405,7955,7451,17,6,15049,21,8,43399,69,31,73854,5,6,3,5,5,13,5,3,25,16,41,12,9,21,22,12,34,6,4,10
2009-03-01,14,4,17,6,20,1,19,5,1,5,11,4,7,6,4,2,31,5,26,11,5,6,3,20,23,2,8,10,7,6,13,4,2,6,36,10,26,16,6,11,15438,7963,7475,17,3,15075,13,0,43438,61,14,73951,1,13,1,4,1,13,3,3,2,15,17,8,11,19,2,8,10,4,3,6
2009-04-01,7,1,15,2,14,2,12,2,0,2,8,2,6,1,0,1,22,4,18,3,0,3,5,10,15,3,2,4,0,2,2,0,0,0,17,5,12,4,3,2,15471,7972,7499,9,0,15100,11,0,43477,42,3,74048,1,6,0,1,1,12,0,2,3,5,8,2,7,9,2,2,3,1,1,2
2009-05-01,4,0,11,1,8,2,6,1,0,1,7,0,7,0,0,0,15,2,13,1,0,1,0,6,6,0,0,0,0,1,1,0,0,0,7,0,7,0,0,0,15504,7980,7524,7,0,15126,17,0,43516,39,1,74145,0,4,0,0,0,9,0,1,0,4,4,0,3,3,0,0,0,0,0,0
2009-06-01,2,0,9,0,3,0,3,0,0,0,8,4,4,0,0,0,11,4,7,0,0,0,1,7,8,0,0,0,1,0,1,0,0,0,9,2,7,0,0,0,15536,7989,7548,8,0,15151,17,0,43555,36,0,74242,0,2,0,0,0,5,0,0,0,3,3,2,4,6,0,0,0,0,0,0
2009-07-01,1,0,7,0,3,0,3,0,0,0,5,0,5,0,0,0,8,0,8,0,0,0,0,1,1,0,0,0,0,2,2,0,0,0,3,0,3,0,0,0,15569,7997,7572,9,0,15177,12,0,43594,29,0,74339,0,1,0,0,0,7,0,0,0,1,1,0,2,2,0,0,0,0,0,0
2009-08-01,0,0,5,0,1,0,1,0,0,0,4,0,4,0,0,0,5,0,5,0,0,0,0,1,1,0,0,0,0,1,1,0,0,0,2,0,2,0,0,0,15593,8005,7588,10,0,15209,8,0,43673,23,0,74475,0,0,0,0,0,5,0,0,0,1,1,0,1,1,0,0,0,0,0,0
2009-09-01,2,0,7,2,3,0,3,0,0,0,6,4,2,2,2,0,9,4,5,2,2,0,1,0,1,0,0,0,0,0,0,0,0,0,1,1,0,0,0,0,15617,8012,7604,8,0,15242,12,0,43753,29,2,74611,0,2,0,0,0,3,2,0,1,0,1,0,0,0,0,0,0,0,0,0
2009-10-01,2,0,12,2,3,1,2,0,0,0,11,4,7,2,2,0,14,5,9,2,2,0,1,3,4,0,0,0,0,0,0,0,0,0,4,1,3,0,0,0,15641,8020,7620,8,1,15275,13,0,43832,35,2,74747,1,1,0,0,1,8,2,0,1,3,4,0,0,0,0,0,0,0,0,0
2009-11-01,6,0,16,0,10,1,9,0,0,0,12,3,9,0,0,0,22,4,18,0,0,0,2,6,8,1,0,1,0,1,1,0,0,0,9,2,7,1,1,0,15664,8028,7637,10,1,15307,30,1,43912,62,2,74883,1,5,0,0,1,13,0,0,2,4,6,0,3,3,1,0,1,0,0,0
2009-12-01,4,0,18,0,9,2,7,0,0,0,13,4,9,0,0,0,22,6,16,0,0,0,9,9,18,6,0,6,0,0,0,0,0,0,18,9,9,6,6,0,15688,8036,7653,10,0,15340,18,2,43991,50,2,75019,2,2,0,0,2,14,0,0,8,6,14,1,3,4,6,1,6,0,0,0
2010-01-01,13,11,33,15,25,14,11,16,13,4,21,12,9,9,6,3,46,26,20,26,19,7,63,39,102,56,20,76,31,15,46,30,7,37,148,94,54,113,86,27,15712,8043,7669,32,10,15373,25,9,44071,103,45,75155,8,5,7,4,8,15,12,3,44,25,69,50,29,79,39,17,56,47,9,56
2010-02-01,33,24,49,31,51,21,30,37,16,21,31,9,22,19,5,14,82,30,52,56,21,35,68,64,132,53,43,95,15,23,38,13,14,27,170,83,87,123,66,56,15736,8051,7685,41,17,15405,41,12,44150,164,85,75291,14,19,10,14,14,33,12,19,51,53,104,32,34,66,40,41,81,26,18,44
2010-03-01,33,29,31,17,43,5,38,36,5,31,22,2,20,11,2,9,65,7,58,47,6,40,16,57,73,11,48,59,6,17,23,6,9,15,96,22,74,74,17,57,15760,8059,7701,20,8,15438,25,6,44230,110,60,75427,5,28,5,25,5,29,2,15,14,46,60,8,28,36,9,41,50,7,17,24
2010-04-01,13,9,12,5,16,1,15,11,1,10,9,3,6,3,2,1,25,4,21,14,3,11,1,21,22,1,16,17,1,4,5,1,1,2,27,2,25,19,2,17,15784,8066,7717,7,3,15471,14,0,44309,46,17,75563,0,13,0,9,0,8,2,3,1,13,14,1,12,13,1,11,12,1,4,5
2010-05-01,1,1,13,2,3,0,3,2,0,2,11,1,10,2,0,2,14,1,13,3,0,3,2,11,13,0,5,5,0,5,5,0,0,0,18,2,16,5,0,5,15807,8074,7733,10,5,15504,22,5,44389,46,13,75699,0,1,0,1,0,12,0,2,2,8,10,0,8,8,0,5,5,0,1,1
2010-06-01,2,1,7,1,3,1,2,1,0,1,6,1,5,2,0,2,9,2,7,3,0,3,0,4,4,0,1,1,0,3,3,0,2,2,7,0,7,3,0,3,15831,8082,7749,5,4,15536,16,4,44468,30,11,75835,1,1,0,1,1,6,0,1,0,2,2,0,5,5,0,0,0,0,3,3
2010-07-01,2,1,6,1,4,0,4,1,0,1,4,1,3,1,0,1,8,1,7,2,0,2,0,4,4,0,0,0,0,1,1,0,1,1,5,0,5,1,0,1,15855,8090,7766,7,0,15569,10,5,44548,25,6,75972,0,2,0,1,0,5,0,1,0,3,3,0,2,2,0,0,0,0,1,1
2010-08-01,2,0,7,0,6,0,6,0,0,0,3,0,3,0,0,0,9,0,9,0,0,0,0,1,1,0,0,0,0,0,0,0,0,0,1,0,1,0,0,0,15902,8111,7790,6,0,15593,7,0,44637,22,0,76131,0,2,0,0,0,7,0,0,0,1,1,0,0,0,0,0,0,0,0,0
2010-09-01,1,0,3,0,4,0,4,0,0,0,0,0,0,0,0,0,4,0,4,0,0,0,1,1,2,0,1,1,0,0,0,0,0,0,2,1,1,1,0,1,15948,8133,7815,3,0,15617,6,0,44726,13,0,76291,0,1,0,0,0,3,0,0,0,1,1,1,0,1,0,1,1,0,0,0
2010-10-01,1,0,5,0,2,0,2,0,0,0,4,1,3,0,0,0,6,1,5,0,0,0,2,7,9,1,3,3,2,2,4,0,1,1,13,4,9,4,1,3,15995,8155,7840,6,1,15641,16,0,44815,28,1,76450,0,1,0,0,0,4,0,0,0,4,4,4,5,9,0,2,2,0,1,1
2010-11-01,11,10,15,8,18,1,17,15,1,14,8,0,8,4,0,4,26,1,25,19,1,18,2,28,30,2,25,27,1,6,7,0,5,5,37,3,34,31,2,29,16041,8177,7864,17,7,15664,17,3,44904,60,29,76610,1,10,1,9,1,15,0,8,2,21,23,1,13,14,2,19,21,0,10,10
2010-12-01,26,23,26,17,32,2,30,27,2,25,20,4,16,14,2,12,52,6,46,40,4,37,15,77,92,12,69,80,16,34,50,9,29,38,142,31,111,118,20,98,16088,8199,7889,24,13,15688,30,10,44993,106,63,76769,2,24,2,21,2,22,2,15,14,63,77,17,48,65,10,56,67,10,42,52
2011-01-01,65,58,56,45,85,19,66,74,18,56,36,17,19,28,12,16,121,36,85,102,31,72,83,188,271,76,176,252,40,36,76,35,30,65,347,123,224,316,110,206,16135,8221,7914,29,17,15712,34,14,45082,184,133,76929,13,52,12,45,13,33,19,26,57,152,209,66,72,138,52,143,195,58,63,121
2011-02-01,28,22,23,15,31,8,23,23,5,18,20,9,11,13,7,6,51,17,34,36,13,23,45,97,142,35,86,121,25,26,51,21,21,42,193,70,123,163,56,107,16181,8243,7938,10,4,15736,14,8,45171,75,48,77088,6,22,4,18,6,12,9,5,38,82,120,32,41,73,31,74,105,25,33,58
2011-03-01,5,0,12,5,9,1,8,2,0,2,8,1,7,4,0,4,17,2,15,5,0,5,10,27,37,6,16,22,8,8,16,3,6,9,53,18,35,31,9,22,16228,8265,7963,8,1,15760,17,4,45260,42,10,77248,1,4,0,0,1,11,0,5,6,20,26,12,15,27,6,13,18,3,9,12
2011-04-01,2,0,6,1,4,1,3,0,0,0,4,0,4,1,0,1,8,1,7,1,0,1,3,1,4,2,0,3,1,2,3,0,0,0,7,4,3,3,3,0,16274,8286,7988,20,3,15784,13,0,45349,41,4,77407,1,1,0,0,1,6,0,1,1,1,2,3,2,5,1,0,1,1,0,1
2011-05-01,1,0,6,0,3,1,2,0,0,0,4,0,4,0,0,0,7,1,6,0,0,0,0,7,7,0,0,0,0,1,1,0,0,0,8,0,8,0,0,0,16321,8308,8013,7,1,15807,13,0,45438,27,1,77567,0,1,0,0,0,5,0,0,0,4,4,0,4,4,0,0,0,0,0,0
2011-06-01,2,0,7,0,6,1,5,0,0,0,3,0,3,0,0,0,9,1,8,0,0,0,0,2,2,0,0,0,1,0,1,0,0,0,3,1,2,0,0,0,16367,8330,8037,7,0,15831,8,0,45527,24,0,77726,0,2,0,0,0,6,0,0,0,1,1,1,1,2,0,0,0,0,0,0
2011-07-01,2,0,4,0,4,0,4,0,0,0,2,0,2,0,0,0,6,0,6,0,0,0,0,2,2,0,0,0,1,1,2,0,1,1,4,1,3,1,0,1,16414,8352,8062,1,0,15855,11,0,45617,18,0,77886,0,2,0,0,0,4,0,0,0,0,0,1,3,4,0,0,0,0,1,1
2011-08-01,0,0,2,0,0,0,0,0,0,0,2,1,1,0,0,0,2,1,1,0,0,0,0,0,0,0,0,0,1,1,2,0,1,1,2,1,1,1,0,1,16450,8376,8074,4,0,15902,8,0,45699,14,0,78050,0,0,0,0,0,1,0,0,0,0,0,1,1,2,0,0,0,0,1,1
2011-09-01,2,0,2,0,3,0,3,0,0,0,1,0,1,0,0,0,4,0,4,0,0,0,2,2,4,0,0,0,0,1,1,0,1,1,5,2,3,1,0,1,16486,8400,8086,3,0,15948,20,0,45781,27,0,78214,0,2,0,0,0,2,0,0,1,2,3,1,1,2,0,0,0,0,0,0
2011-10-01,0,0,6,0,0,0,0,0,0,0,6,2,4,0,0,0,6,2,4,0,0,0,0,5,5,0,0,0,5,2,7,2,0,2,12,5,7,2,2,0,16522,8424,8098,5,0,15995,8,0,45863,19,0,78379,0,0,0,0,0,4,0,0,0,4,4,5,3,8,0,0,0,1,0,1
2011-11-01,2,0,3,0,5,2,3,1,1,0,0,0,0,0,0,0,5,2,3,1,1,0,4,8,12,1,0,1,3,2,5,3,0,3,17,7,10,5,4,0,16557,8447,8110,4,0,16041,9,0,45945,18,1,78543,1,1,0,0,1,2,0,0,2,5,7,5,5,10,2,0,2,3,0,3
2011-12-01,6,0,12,3,13,2,11,2,2,0,5,2,3,1,1,0,18,4,14,3,3,0,16,25,41,14,2,16,12,5,17,8,1,9,58,28,30,25,21,3,16593,8471,8122,9,3,16088,11,0,46027,38,7,78708,0,6,0,0,0,8,3,0,7,15,22,21,15,36,7,1,8,14,2,17
2012-01-01,17,9,25,15,29,10,19,16,9,7,13,8,5,9,8,1,43,18,24,25,16,8,66,63,129,63,23,86,31,15,46,30,3,33,175,97,78,119,93,26,16629,8495,8134,20,11,16135,13,0,46109,76,36,78872,4,13,4,5,4,11,13,3,48,40,88,49,38,87,46,17,64,47,8,55
2012-02-01,16,6,38,11,29,5,24,10,4,6,25,8,17,8,5,3,54,13,41,17,9,9,38,77,115,32,36,68,17,31,48,12,11,23,163,55,108,90,43,47,16665,8519,8146,12,6,16181,26,3,46191,92,26,79036,3,13,2,4,3,28,7,4,30,54,84,25,54,79,25,30,55,18,17,35
2012-03-01,16,11,14,4,22,1,21,14,1,13,8,1,7,1,0,1,30,2,28,15,1,14,21,61,82,7,38,45,4,15,19,1,7,8,101,25,76,53,8,46,16701,8543,8158,13,2,16228,8,1,46273,51,18,79201,1,15,1,10,1,13,0,4,14,35,49,11,41,52,5,24,29,3,21,24
2012-04-01,4,2,13,6,8,1,7,4,0,4,9,3,6,5,0,5,17,4,13,9,0,9,5,25,30,2,17,19,2,12,14,0,6,6,44,7,37,25,2,23,16737,8567,8170,5,0,16274,14,3,46355,36,11,79365,1,3,0,2,1,10,0,6,5,16,21,2,21,23,2,10,13,0,12,12
2012-05-01,5,2,2,0,6,0,6,2,0,2,1,1,0,0,0,0,7,1,6,2,0,2,1,14,15,0,7,7,0,4,4,0,3,3,19,1,18,10,0,10,16772,8590,8182,3,0,16321,15,3,46437,25,5,79530,0,5,0,2,0,1,0,0,0,11,11,1,7,8,0,7,7,0,3,3
2012-06-01,2,0,6,0,3,1,2,0,0,0,5,0,5,0,0,0,8,1,7,0,0,0,0,2,2,0,0,0,0,0,0,0,0,0,2,0,2,0,0,0,16808,8614,8194,5,0,16367,5,1,46519,18,1,79694,1,1,0,0,1,6,0,0,0,1,1,0,1,1,0,0,0,0,0,0
2012-07-01,2,0,4,0,2,0,2,0,0,0,4,0,4,0,0,0,6,0,6,0,0,0,0,1,1,0,0,0,2,2,4,0,0,0,5,2,3,0,0,0,16844,8638,8206,6,0,16414,3,0,46601,15,0,79859,0,2,0,0,0,4,0,0,0,1,1,2,2,4,0,0,0,0,0,0
2012-08-01,0,0,3,0,0,0,0,0,0,0,3,1,2,0,0,0,3,1,2,0,0,0,0,0,0,0,0,0,0,0,0,0,0,0,0,0,0,0,0,0,16861,8648,8212,2,0,16450,0,0,46704,5,0,80014,0,0,0,0,0,2,0,0,0,0,0,0,0,0,0,0,0,0,0,0
2012-09-01,1,0,4,0,2,1,1,0,0,0,3,0,3,0,0,0,5,1,4,0,0,0,1,4,5,0,0,0,0,1,1,0,0,0,6,1,5,0,0,0,16877,8659,8219,4,0,16486,6,2,46807,15,2,80170,0,1,0,0,0,3,0,0,0,3,3,1,2,3,0,0,0,0,0,0
2012-10-01,0,0,4,0,0,0,0,0,0,0,4,1,3,0,0,0,4,1,3,0,0,0,2,5,7,0,0,1,0,2,2,0,1,1,9,2,7,1,0,1,16894,8669,8225,7,1,16522,9,2,46910,20,2,80325,0,0,0,0,0,3,0,0,1,4,5,1,3,4,0,0,0,0,0,0
2012-11-01,3,2,8,5,4,0,4,3,0,3,7,1,6,4,1,4,11,1,10,7,1,7,6,13,19,3,8,11,3,6,9,0,4,4,28,9,19,15,3,12,16911,8679,8231,7,3,16557,10,2,47013,28,12,80481,0,3,0,2,0,7,1,5,6,10,16,3,9,12,3,7,9,0,6,6
2012-12-01,8,6,16,14,14,5,9,10,5,6,10,3,7,9,2,7,24,8,16,19,7,12,28,46,74,26,35,62,15,18,33,12,14,26,107,43,64,88,39,49,16927,8690,8237,15,10,16593,13,3,47116,52,33,80636,4,4,4,2,4,12,3,11,22,34,56,21,30,51,21,27,47,18,22,40
2013-01-01,30,26,31,24,43,12,31,36,11,25,18,7,11,14,5,9,61,19,42,49,16,34,104,159,263,99,128,226,29,31,60,27,27,54,323,133,190,280,126,154,16944,8700,8244,23,15,16629,18,8,47219,102,73,80792,7,23,7,19,7,19,9,15,80,123,203,53,67,120,77,95,173,49,59,108
2013-02-01,21,15,21,16,31,4,27,21,3,18,11,4,7,9,3,6,42,8,34,31,6,24,37,127,164,33,112,145,18,52,70,17,44,61,234,55,179,205,49,155,16960,8710,8250,10,6,16665,27,14,47322,79,51,80948,1,20,1,14,1,14,5,11,27,93,120,28,86,114,25,82,107,24,74,98
2013-03-01,8,7,9,2,11,1,10,7,1,6,6,2,4,2,1,1,17,3,14,8,2,7,14,43,57,10,37,47,8,12,20,6,6,12,77,22,55,59,16,43,16977,8721,8256,6,3,16701,9,2,47426,32,14,81103,1,7,1,6,1,7,1,1,13,34,47,9,21,30,10,29,40,6,14,19
2013-04-01,4,0,2,0,5,0,5,1,0,1,1,0,1,0,0,0,6,0,6,1,0,1,2,7,9,0,3,3,0,1,1,0,0,0,10,2,8,3,0,3,16994,8731,8263,2,1,16737,6,0,47529,14,2,81259,0,4,0,0,0,2,0,0,2,7,9,0,1,1,0,3,3,0,0,0
2013-05-01,3,0,6,0,5,0,5,0,0,0,4,2,2,0,0,0,9,2,7,0,0,0,1,3,4,0,0,0,1,2,3,0,0,0,7,2,5,0,0,0,17010,8741,8269,7,0,16772,11,0,47632,27,0,81414,0,3,0,0,0,4,0,0,0,2,2,2,3,5,0,0,0,0,0,0
2013-06-01,2,0,4,0,3,1,2,0,0,0,3,0,3,0,0,0,6,1,5,0,0,0,0,0,0,0,0,0,0,1,1,0,0,0,1,0,1,0,0,0,17027,8752,8275,4,0,16808,8,0,47735,18,0,81570,1,1,0,0,1,4,0,0,0,0,0,0,1,1,0,0,0,0,0,0
2013-07-01,2,0,6,0,3,0,3,0,0,0,5,1,4,0,0,0,8,1,7,0,0,0,0,1,1,0,0,0,0,1,1,0,0,0,2,0,2,0,0,0,17044,8762,8282,4,0,16844,8,0,47838,20,0,81726,0,2,0,0,0,5,0,0,0,1,1,0,1,1,0,0,0,0,0,0
2013-08-01,1,0,3,0,2,0,2,0,0,0,2,0,2,0,0,0,4,0,4,0,0,0,4,2,6,0,0,0,0,1,1,0,0,0,7,4,3,0,0,0,17094,8776,8317,1,0,16861,2,0,47944,7,0,81898,0,1,0,0,0,3,0,0,4,2,6,0,1,1,0,0,0,0,0,0
2013-09-01,2,0,1,0,3,1,2,0,0,0,0,0,0,0,0,0,3,1,2,0,0,0,0,1,1,0,0,0,0,0,0,0,0,0,1,0,1,0,0,0,17144,8791,8353,4,0,16877,4,0,48051,11,0,82071,0,2,0,0,0,0,0,0,0,1,1,0,0,0,0,0,0,0,0,0
2013-10-01,1,0,9,2,4,1,3,1,1,0,6,2,4,1,1,0,10,3,7,2,2,0,3,5,8,2,0,2,2,2,4,1,0,1,12,5,7,3,3,0,17194,8805,8389,6,0,16894,12,0,48157,28,2,82244,0,1,0,0,0,6,2,0,2,3,5,3,4,7,1,0,1,2,0,2
2013-11-01,1,0,16,7,4,1,3,1,1,0,13,7,6,5,5,0,17,8,9,6,6,1,7,5,12,7,0,7,8,7,15,3,0,3,27,15,12,11,10,0,17244,8819,8425,7,1,16911,7,0,48263,31,8,82417,0,1,0,0,0,8,6,1,6,2,8,9,10,19,6,0,6,5,0,5
2013-12-01,6,2,24,10,15,3,12,5,3,2,15,6,9,7,5,2,30,9,21,12,8,5,42,23,65,34,5,39,12,15,27,12,2,14,92,54,38,52,46,6,17294,8834,8460,17,5,16927,17,7,48369,64,24,82590,1,5,1,1,1,16,7,3,32,15,47,22,23,45,27,3,30,19,3,22
2014-01-01,15,8,21,13,22,9,13,11,9,2,14,10,4,9,7,2,36,19,17,20,16,4,73,46,119,61,20,81,27,17,44,20,9,29,163,100,63,111,81,29,17344,8848,8496,20,8,16944,15,6,48476,71,35,82763,6,9,6,2,6,8,10,2,52,38,90,48,25,73,45,17,62,36,12,49
2014-02-01,11,8,15,7,15,1,14,10,1,9,11,5,6,5,2,3,26,6,20,15,3,12,18,48,66,13,33,47,9,9,18,5,6,11,84,27,57,57,19,39,17394,8862,8532,17,6,16960,20,4,48582,63,25,82936,1,10,1,7,1,10,2,5,14,37,51,13,20,33,11,27,38,8,12,20
2014-03-01,11,9,8,4,12,1,11,9,1,8,7,1,6,4,0,4,19,2,17,13,1,12,1,34,35,1,22,23,9,8,17,0,5,5,52,10,42,28,1,27,17444,8877,8568,7,1,16977,11,0,48688,37,15,83109,1,10,1,8,1,7,0,4,1,29,30,9,13,22,1,20,21,0,7,7
2014-04-01,4,3,4,1,4,1,3,2,1,2,4,0,4,2,0,2,8,1,7,4,1,3,5,21,26,1,16,17,2,8,10,0,7,7,36,7,29,24,1,22,17494,8891,8603,11,2,16994,2,0,48794,21,5,83282,1,3,1,2,1,4,0,1,5,16,21,2,13,15,1,13,14,0,10,10
2014-05-01,0,0,6,1,4,1,3,1,0,1,2,1,1,0,0,0,6,2,4,1,0,1,1,5,6,0,3,3,0,0,0,0,0,0,6,1,5,3,0,3,17544,8905,8639,4,0,17010,4,0,48901,14,1,83455,0,0,0,0,0,4,0,1,0,4,4,1,1,2,0,2,2,0,1,1
2014-06-01,5,2,3,0,5,1,4,2,0,2,3,1,2,0,0,0,8,2,6,2,0,2,1,11,12,0,9,9,0,3,3,0,2,2,15,1,14,10,0,10,17594,8920,8675,6,0,17027,5,0,49007,19,2,83628,1,4,0,2,1,2,0,0,1,10,11,0,4,4,0,8,8,0,3,3
2014-07-01,3,1,3,0,4,1,3,0,0,0,2,0,2,0,0,0,6,1,5,0,0,0,1,0,1,0,0,0,0,0,0,0,0,0,1,1,0,0,0,0,17645,8934,8711,4,0,17044,3,0,49113,13,0,83801,1,2,0,1,1,3,0,0,1,0,1,0,0,0,0,0,0,0,0,0
2014-08-01,1,1,3,0,2,0,2,1,0,1,2,0,2,0,0,0,4,0,4,1,0,1,0,6,6,0,2,2,0,0,0,0,0,0,6,0,6,2,0,2,17699,8955,8744,2,0,17094,2,0,49212,8,1,84004,0,1,0,1,0,3,0,0,0,5,5,0,1,1,0,2,2,0,0,0
2014-09-01,2,1,2,0,3,0,3,2,0,2,1,0,1,0,0,0,4,0,4,2,0,2,1,4,5,0,3,3,1,1,2,0,1,1,7,2,5,4,0,4,17753,8976,8777,1,0,17144,5,3,49311,10,4,84207,0,2,0,1,0,2,0,0,1,3,4,1,2,3,0,2,2,0,2,2
2014-10-01,2,1,4,3,4,0,4,3,0,3,2,2,0,0,0,0,6,2,4,3,0,3,0,11,11,0,8,8,0,5,5,0,4,4,16,0,16,11,0,11,17807,8997,8810,3,0,17194,7,2,49410,16,6,84411,0,2,0,1,0,2,1,2,0,11,11,0,5,5,0,8,8,0,4,4
2014-11-01,11,9,13,7,15,1,14,11,1,10,9,2,7,6,1,5,24,3,21,16,2,14,12,48,60,12,42,54,7,13,20,7,10,17,80,19,61,71,19,52,17861,9018,8843,8,3,17244,7,2,49509,39,22,84614,0,11,0,9,0,10,2,5,8,37,45,11,24,35,8,33,41,11,19,30
2014-12-01,36,30,32,25,44,10,34,35,9,25,24,15,9,21,13,8,68,25,43,55,22,33,61,153,214,55,127,183,39,24,63,38,20,58,277,100,177,241,94,148,17915,9038,8876,16,9,17294,13,9,49608,97,73,84817,6,30,5,24,6,13,16,9,46,120,166,54,57,111,44,104,148,49,44,93
2015-01-01,32,23,28,20,39,10,29,28,7,22,21,8,13,15,5,10,60,18,42,44,11,32,34,104,138,26,85,111,9,22,31,7,16,23,169,43,126,134,33,101,17969,9059,8910,8,4,17344,7,4,49707,75,52,85020,8,24,4,19,8,18,7,14,27,81,108,16,45,61,22,68,90,11,33,44
2015-02-01,6,2,10,3,9,2,7,4,0,4,7,3,4,1,0,1,16,5,11,5,0,5,9,25,34,2,17,19,6,10,16,2,5,7,50,15,35,26,4,22,18023,9080,8943,8,4,17394,9,1,49806,33,10,85223,2,4,0,2,2,7,0,3,8,16,24,7,19,26,2,12,14,2,10,11
2015-03-01,3,1,10,2,6,3,3,2,0,2,7,4,3,0,0,0,13,7,6,2,0,2,5,22,27,2,7,9,2,3,5,0,1,1,32,7,25,9,2,7,18077,9101,8976,7,2,17444,13,0,49905,33,4,85426,1,2,0,1,1,4,0,2,5,13,18,2,12,14,2,5,7,0,3,3
2015-04-01,4,1,5,1,6,0,6,2,0,2,3,2,1,0,0,0,9,2,7,2,0,2,5,14,19,0,4,4,2,2,4,0,0,0,23,7,16,4,0,4,18131,9122,9009,8,1,17494,4,0,50004,21,4,85630,0,4,0,1,0,3,0,1,3,10,13,4,6,10,0,4,4,0,0,0
2015-05-01,2,0,8,0,3,1,2,0,0,0,7,0,7,0,0,0,10,1,9,0,0,0,4,6,10,0,0,0,0,4,4,0,0,0,14,4,10,0,0,0,18185,9143,9042,5,0,17544,9,0,50103,24,0,85833,1,1,0,0,1,8,0,0,2,4,6,2,6,8,0,0,0,0,0,0
2015-06-01,1,0,8,0,3,1,2,0,0,0,6,1,5,0,0,0,9,2,7,0,0,0,0,1,1,0,0,0,0,0,0,0,0,0,1,0,1,0,0,0,18239,9164,9075,2,0,17594,7,0,50202,18,0,86036,1,0,0,0,1,7,0,0,0,0,0,0,1,1,0,0,0,0,0,0
2015-07-01,0,0,2,0,1,0,1,0,0,0,1,0,1,0,0,0,2,0,2,0,0,0,0,0,0,0,0,0,1,0,1,1,0,1,1,1,0,1,1,0,18293,9185,9109,2,0,17645,3,0,50302,7,0,86239,0,0,0,0,0,2,0,0,0,0,0,1,0,1,0,0,0,1,0,1
2015-08-01,0,0,2,0,0,0,0,0,0,0,2,0,2,0,0,0,2,0,2,0,0,0,1,4,5,0,0,0,0,0,0,0,0,0,5,1,4,0,0,0,18349,9221,9128,5,0,17699,3,0,50404,10,0,86452,0,0,0,0,0,2,0,0,1,4,5,0,0,0,0,0,0,0,0,0
2015-09-01,1,0,3,0,1,0,1,0,0,0,3,0,3,0,0,0,4,0,4,0,0,0,0,2,2,0,0,0,0,2,2,0,2,2,4,0,4,2,0,2,18406,9258,9148,6,1,17753,4,0,50507,14,1,86665,0,1,0,0,0,3,0,0,0,2,2,0,2,2,0,0,0,0,1,1
2015-10-01,2,0,7,1,3,1,2,0,0,0,6,3,3,1,1,0,9,4,5,1,1,0,2,2,4,2,0,2,2,1,3,1,0,1,7,4,3,3,3,0,18462,9295,9167,4,1,17807,3,1,50609,16,3,86878,1,1,0,0,1,4,1,0,1,1,2,3,2,5,1,0,1,2,0,2
2015-11-01,5,4,15,12,9,5,4,7,5,2,11,6,5,9,6,3,20,11,9,16,11,5,21,22,43,21,14,35,10,12,22,7,7,14,65,31,34,48,27,21,18518,9332,9187,12,5,17861,9,4,50712,41,25,87090,3,2,3,1,3,7,8,4,14,17,31,17,17,34,14,10,24,13,10,24
2015-12-01,24,17,27,19,36,9,27,27,9,18,15,2,13,9,2,7,51,11,40,36,11,25,41,72,113,37,60,97,16,17,33,14,14,28,146,57,89,125,51,74,18574,9368,9206,25,19,17915,19,8,50814,95,63,87303,4,20,4,13,4,20,7,12,29,56,85,28,33,61,26,45,72,25,28,53
2016-01-01,22,17,33,23,34,5,29,26,5,21,21,5,16,13,4,10,56,10,45,40,9,31,20,72,92,17,59,76,12,19,31,11,12,23,123,32,91,99,28,71,18631,9405,9226,19,9,17969,12,3,50917,87,51,87516,3,19,3,14,3,26,6,17,15,57,72,17,34,51,12,45,58,16,25,41
2016-02-01,14,10,16,7,21,2,19,15,2,14,9,2,7,2,0,2,30,4,26,17,2,16,5,40,45,3,33,37,4,7,11,1,0,1,56,9,47,38,4,34,18687,9442,9245,20,2,18023,8,1,51019,58,21,87729,2,12,2,8,2,14,0,7,4,35,39,5,12,17,3,29,32,1,5,6
2016-03-01,6,1,15,1,9,2,7,2,0,2,12,6,6,0,0,0,21,8,13,2,0,2,1,15,16,0,2,3,8,9,17,0,4,4,33,9,24,7,0,7,18743,9479,9265,5,1,18077,17,0,51122,43,4,87942,0,6,0,1,0,7,0,1,1,11,12,8,13,21,1,2,2,0,5,5
2016-04-01,7,0,5,1,8,0,8,0,0,0,4,1,3,1,1,0,12,1,11,1,1,0,1,9,10,0,4,4,1,2,3,0,1,1,13,2,11,5,0,5,18799,9515,9284,5,0,18131,11,0,51224,28,1,88155,0,7,0,0,0,4,1,0,1,7,8,1,4,5,0,4,4,0,1,1
2016-05-01,8,0,10,1,12,3,9,1,1,0,6,1,5,0,0,0,18,4,14,1,1,0,2,4,6,0,0,0,4,4,8,2,1,3,14,6,8,3,2,1,18856,9552,9304,2,0,18185,2,0,51327,22,1,88367,1,7,0,0,1,7,1,0,1,3,4,5,5,10,0,0,0,2,0,2
2016-06-01,1,0,4,0,4,2,2,0,0,0,1,1,0,0,0,0,5,3,2,0,0,0,1,2,3,0,0,0,0,1,1,0,0,0,4,1,3,0,0,0,18912,9589,9323,4,0,18239,5,0,51429,14,0,88580,0,1,0,0,0,1,0,0,0,2,2,1,1,2,0,0,0,0,0,0
2016-07-01,1,0,3,0,2,0,2,0,0,0,2,0,2,0,0,0,4,0,4,0,0,0,0,1,1,0,0,0,1,0,1,0,0,0,2,1,1,0,0,0,18968,9626,9343,3,0,18293,6,0,51532,13,0,88793,0,1,0,0,0,3,0,0,0,0,0,1,1,2,0,0,0,0,0,0
2016-08-01,2,0,3,0,4,1,3,0,0,0,1,0,1,0,0,0,5,1,4,0,0,0,0,1,1,0,0,0,0,1,1,0,0,0,2,0,2,0,0,0,19004,9627,9377,2,0,18349,2,0,51653,9,0,89006,1,1,0,0,1,3,0,0,0,1,1,0,1,1,0,0,0,0,0,0
2016-09-01,0,0,0,0,0,0,0,0,0,0,0,0,0,0,0,0,0,0,0,0,0,0,0,8,8,0,0,0,1,3,4,0,0,0,12,1,11,0,0,0,19041,9629,9412,3,0,18406,6,0,51774,9,0,89220,0,0,0,0,0,0,0,0,0,6,6,1,5,6,0,0,0,0,0,0
2016-10-01,2,0,1,1,2,0,2,0,0,0,1,1,0,1,1,0,3,1,2,1,1,0,3,5,8,3,1,4,2,2,4,2,0,2,12,5,7,6,5,1,19077,9631,9446,1,0,18462,10,1,51894,14,2,89433,0,2,0,0,0,0,1,0,3,5,8,2,2,4,3,1,4,2,0,2
2016-11-01,7,3,7,4,9,2,7,4,2,2,5,2,3,3,2,1,14,4,10,7,4,3,8,14,22,6,7,12,3,6,9,3,4,7,31,11,20,19,9,11,19113,9633,9481,5,2,18518,7,1,52015,26,10,89646,2,5,2,1,2,5,2,2,7,9,16,4,11,15,6,5,10,3,6,9
2016-12-01,14,11,27,16,20,8,12,13,6,7,21,10,11,14,8,6,41,18,23,26,13,13,19,35,54,16,21,38,15,16,31,12,9,21,85,34,51,58,28,30,19149,9634,9515,15,10,18574,11,3,52136,67,40,89859,5,9,5,6,5,14,9,7,17,32,49,17,19,36,15,20,35,14,10,24
2017-01-01,35,28,48,25,53,21,32,38,15,23,30,16,14,15,8,7,83,37,46,54,23,30,57,74,131,40,55,95,21,33,54,17,19,36,185,78,107,130,57,74,19186,9636,9550,18,8,18631,15,6,52257,116,68,90073,12,23,10,19,12,23,13,11,45,54,99,33,53,86,31,43,74,25,30,55
2017-02-01,45,30,39,18,61,12,49,36,7,29,23,4,19,11,1,10,84,16,68,47,8,39,23,153,176,15,98,113,11,39,50,5,19,24,226,34,192,137,20,117,19222,9638,9584,19,4,18687,12,3,52377,115,54,90286,10,35,5,24,10,33,3,15,17,116,133,17,76,93,11,79,90,9,37,46
2017-03-01,20,10,21,6,27,1,26,12,0,12,14,4,10,4,1,3,41,5,36,16,1,15,12,48,60,6,26,31,7,15,22,0,5,5,82,19,63,37,6,31,19258,9640,9619,9,0,18743,8,2,52498,58,18,90499,0,20,0,10,0,16,1,5,9,40,49,10,23,33,5,23,28,1,8,8
2017-04-01,4,1,5,0,6,0,6,1,0,1,3,0,3,0,0,0,9,0,9,2,0,2,3,9,12,1,2,3,1,7,8,0,4,4,20,4,16,7,1,6,19294,9641,9653,4,0,18799,5,0,52619,18,2,90712,0,4,0,1,0,5,0,0,2,6,8,2,10,12,1,2,3,0,4,4
2017-05-01,1,0,5,0,3,2,1,0,0,0,3,0,3,0,0,0,6,2,4,0,0,0,0,3,3,0,0,0,0,1,1,0,0,0,4,0,4,0,0,0,19331,9643,9688,3,0,18856,1,0,52740,10,0,90926,1,0,0,0,1,4,0,0,0,3,3,0,1,1,0,0,0,0,0,0
2017-06-01,0,0,6,0,0,0,0,0,0,0,6,0,6,0,0,0,6,0,6,0,0,0,2,0,2,0,0,0,1,2,3,0,0,0,5,3,2,0,0,0,19367,9645,9722,4,0,18912,4,0,52860,14,0,91139,0,0,0,0,0,6,0,0,1,0,1,2,2,4,0,0,0,0,0,0
2017-07-01,0,0,1,0,0,0,0,0,0,0,1,0,1,0,0,0,1,0,1,0,0,0,0,1,1,0,0,0,0,2,2,0,0,0,3,0,3,0,0,0,19403,9647,9757,3,0,18968,1,0,52981,5,0,91352,0,0,0,0,0,1,0,0,0,1,1,0,2,2,0,0,0,0,0,0
2017-08-01,2,0,1,0,2,0,2,0,0,0,1,0,1,0,0,0,3,0,3,0,0,0,0,0,0,0,0,0,0,0,0,0,0,0,0,0,0,0,0,0,19425,9623,9802,1,0,19004,0,0,53141,4,0,91571,0,2,0,0,0,1,0,0,0,0,0,0,0,0,0,0,0,0,0,0
2017-09-01,2,0,1,0,2,0,2,0,0,0,1,0,1,0,0,0,3,0,3,0,0,0,1,7,8,1,0,1,0,0,0,0,0,0,8,1,7,1,1,0,19447,9600,9847,4,0,19041,6,0,53302,13,0,91789,0,2,0,0,0,1,0,0,1,6,7,0,1,1,1,0,1,0,1,1
2017-10-01,3,0,4,0,3,0,3,0,0,0,4,3,1,0,0,0,7,3,4,0,0,0,1,8,9,1,1,2,0,2,2,0,0,0,11,1,10,2,1,1,19469,9577,9892,4,0,19077,5,0,53462,16,0,92008,0,3,0,0,0,1,0,0,1,6,7,0,4,4,1,0,1,0,2,2
2017-11-01,4,3,6,3,4,3,1,3,3,0,6,3,3,3,2,1,10,6,4,6,5,1,12,11,23,9,4,13,5,5,10,5,1,6,33,17,16,19,14,5,19491,9554,9937,8,2,19113,5,1,53623,23,9,92226,3,1,3,0,3,3,2,1,11,8,19,6,8,14,8,2,10,6,3,9
2017-12-01,20,15,18,11,26,11,15,20,10,10,12,7,5,7,5,2,38,18,20,26,14,12,55,58,113,49,42,91,28,13,41,26,8,34,154,83,71,125,75,50,19513,9531,9982,21,9,19149,10,4,53783,69,39,92445,9,11,8,8,9,9,7,4,45,48,93,38,23,61,40,34,75,34,16,50
2018-01-01,23,20,21,17,30,15,15,26,13,13,14,5,9,11,5,7,44,20,24,37,18,19,49,69,118,46,58,104,12,23,35,10,21,31,152,61,92,135,56,79,19535,9508,10027,13,7,19186,6,1,53943,63,45,92663,11,12,9,11,11,12,9,9,44,51,95,17,41,58,41,42,83,15,37,52
2018-02-01,28,21,27,15,39,3,36,30,1,29,16,4,12,7,0,7,55,7,48,37,1,36,22,130,152,16,104,120,8,35,43,4,25,29,195,30,165,148,20,128,19556,9485,10072,22,6,19222,10,2,54104,87,44,92882,3,25,1,20,3,23,0,15,17,104,121,13,61,74,13,85,98,7,44,50
2018-03-01,13,11,8,3,18,0,18,14,0,14,3,1,2,0,0,0,21,1,20,14,0,14,6,65,71,2,50,53,5,25,30,0,5,5,101,11,90,58,2,56,19578,9462,10117,14,4,19258,8,2,54264,43,21,93100,0,13,0,11,0,7,0,3,5,46,51,6,44,50,2,37,39,0,18,19
2018-04-01,4,3,5,0,5,0,5,3,0,3,4,0,4,0,0,0,9,0,9,3,0,3,1,9,10,0,3,3,5,5,10,1,0,1,20,6,14,4,1,3,19600,9438,10162,2,0,19294,6,2,54424,17,5,93319,0,4,0,3,0,5,0,0,1,8,9,5,6,11,0,3,3,1,1,2
2018-05-01,4,1,6,0,6,2,4,0,0,0,4,1,3,0,0,0,11,3,7,0,0,0,3,6,9,0,1,1,1,3,4,0,0,0,13,4,9,1,0,1,19622,9415,10207,8,0,19331,8,0,54585,27,0,93537,2,2,0,1,2,5,0,0,2,4,6,2,5,7,0,1,1,0,0,0
2018-06-01,1,0,5,0,2,0,2,0,0,0,4,1,3,0,0,0,6,1,5,0,0,0,1,3,4,0,0,0,0,2,2,0,0,0,6,1,5,0,0,0,19644,9392,10252,3,0,19367,3,0,54745,12,0,93756,0,1,0,0,0,4,0,0,1,2,3,0,3,3,0,0,0,0,0,0
2018-07-01,1,0,3,0,2,0,2,0,0,0,2,1,1,0,0,0,4,1,3,0,0,0,1,1,2,0,0,0,0,2,2,0,0,0,4,1,3,0,0,0,19666,9369,10297,3,0,19403,1,0,54906,8,0,93975,0,1,0,0,0,2,0,0,1,1,2,0,2,2,0,0,0,0,0,0
2018-08-01,1,0,1,0,1,0,1,0,0,0,1,1,0,0,0,0,2,1,1,0,0,0,0,1,1,0,0,0,0,1,1,0,0,0,2,0,2,0,0,0,19697,9379,10331,1,0,19425,4,0,55052,7,0,94174,0,1,0,0,0,0,0,0,0,1,1,0,1,1,0,0,0,0,0,0
2018-09-01,1,0,4,0,1,0,1,0,0,0,4,2,2,0,0,0,5,2,3,0,0,0,0,2,2,0,0,0,2,2,4,0,0,0,6,2,4,0,0,0,19728,9389,10364,6,0,19447,7,0,55199,18,0,94373,0,1,0,0,0,2,0,0,0,1,1,2,3,5,0,0,0,0,0,0
2018-10-01,2,0,2,0,3,1,2,0,0,0,1,0,1,0,0,0,4,1,3,0,0,0,3,4,7,1,0,1,2,2,4,0,0,0,11,5,6,1,1,0,19759,9399,10398,2,0,19469,4,0,55345,10,0,94573,0,2,0,0,0,1,0,0,2,2,4,3,4,7,1,0,1,0,0,0
2018-11-01,3,0,7,1,4,1,3,1,1,0,6,2,4,1,1,0,10,3,7,1,1,0,3,4,7,3,1,4,4,2,6,2,0,2,13,7,6,6,5,1,19790,9409,10431,5,1,19491,12,0,55492,27,2,94772,0,3,0,0,0,4,1,0,2,3,5,5,3,8,2,1,3,3,0,3
2018-12-01,5,2,23,10,10,4,6,4,4,0,18,12,6,8,7,1,28,16,12,12,11,1,34,20,54,29,8,37,17,10,27,9,2,11,81,51,30,48,38,11,19821,9420,10465,13,2,19513,16,2,55638,57,15,94972,2,3,2,0,2,9,9,1,26,16,42,25,14,39,21,8,28,18,3,21
2019-01-01,16,11,34,17,23,12,11,14,10,4,27,15,12,13,10,3,50,27,23,27,21,7,77,39,116,68,22,89,32,25,57,19,13,32,173,109,64,121,87,34,19852,9430,10499,22,11,19535,17,4,55785,89,42,95171,9,7,7,3,9,16,13,4,62,27,89,47,37,84,53,16,69,33,18,52
2019-02-01,21,17,28,16,33,4,29,22,1,21,16,6,10,11,5,6,49,10,39,32,6,27,15,86,101,9,71,80,5,15,20,4,11,15,121,20,101,94,13,81,19883,9440,10532,12,7,19556,19,9,55931,80,48,95371,1,20,0,17,1,19,6,10,9,72,81,11,29,40,7,60,67,6,22,27
2019-03-01,23,20,28,14,30,4,26,21,2,19,21,6,15,12,2,10,51,10,41,33,4,29,8,75,83,4,61,65,5,21,26,2,17,19,109,13,96,84,6,78,19914,9450,10566,15,8,19578,9,2,56078,75,43,95570,3,20,2,18,3,21,2,12,7,64,71,6,32,38,4,53,57,2,25,27
2019-04-01,13,7,8,4,17,4,13,10,0,10,4,1,3,1,0,1,21,5,16,11,0,11,5,41,46,0,26,26,4,8,12,0,5,5,58,9,49,32,0,32,19945,9460,10599,8,3,19600,8,0,56224,37,14,95770,4,9,0,7,4,7,0,4,5,31,36,4,18,22,0,20,20,0,12,12
2019-05-01,4,0,1,0,5,1,4,1,0,1,0,0,0,0,0,0,5,1,4,1,0,1,1,5,6,0,3,3,0,5,5,0,3,3,11,1,10,5,0,5,19976,9470,10633,3,1,19622,3,0,56371,11,2,95969,1,3,0,0,1,1,0,0,1,5,6,0,5,5,0,3,3,0,3,3
2019-06-01,1,0,2,0,2,0,2,0,0,0,1,0,1,0,0,0,3,0,3,0,0,0,0,4,4,0,0,0,2,4,6,0,1,1,10,2,8,1,0,1,20007,9480,10667,5,0,19644,3,0,56517,11,0,96169,0,1,0,0,0,2,0,0,0,2,2,2,6,8,0,0,0,0,1,1
